repository,commit_time,author,isOwner
linux,2018-02-28T07:46:00Z,Takashi Iwai,False
linux,2018-02-28T07:36:06Z,Takashi Iwai,False
linux,2018-02-27T17:01:18Z,Richard Fitzgerald,False
linux,2018-02-28T01:39:52Z,Dave Airlie,False
linux,2018-02-24T14:15:22Z,Stefan Wahren,False
linux,2018-02-24T14:15:21Z,Stefan Wahren,False
linux,2018-02-27T01:00:35Z,Florian Fainelli,False
linux,2018-02-27T22:02:39Z,Linus Torvalds,False
linux,2018-02-27T18:39:29Z,James Morris,False
linux,2018-02-27T17:48:43Z,Linus Torvalds,False
linux,2018-02-26T14:44:20Z,Petr Mladek,False
linux,2018-02-13T06:08:14Z,Chen-Yu Tsai,False
linux,2018-02-21T08:11:00Z,Maxime Ripard,False
linux,2018-02-21T01:50:03Z,Dave Airlie,False
linux,2018-02-08T20:28:08Z,Jeremy Boone,False
linux,2018-02-08T20:29:09Z,Jeremy Boone,False
linux,2018-02-08T20:30:01Z,Jeremy Boone,False
linux,2018-02-08T20:31:16Z,Jeremy Boone,False
linux,2018-02-08T20:32:06Z,Jeremy Boone,False
linux,2018-02-13T17:48:29Z,Shuah Khan,False
linux,2018-02-13T17:45:57Z,Shuah Khan,False
linux,2018-02-07T17:24:31Z,Daniel Díaz,False
linux,2018-02-26T21:22:45Z,Linus Torvalds,False
linux,2018-02-25T13:08:14Z,Linus Walleij,False
linux,2018-02-26T20:38:58Z,Arnd Bergmann,False
linux,2018-02-26T19:39:30Z,Matthew Wilcox,False
linux,2018-02-26T18:19:15Z,Linus Torvalds,False
linux,2018-02-25T20:17:31Z,Chengguang Xu,False
linux,2018-02-26T17:34:21Z,Linus Torvalds,False
linux,2018-02-26T17:28:35Z,Linus Torvalds,False
repository,commit_time,author,isOwner
linux,2018-02-28T07:46:00Z,Takashi Iwai,False
linux,2018-02-28T07:36:06Z,Takashi Iwai,False
linux,2018-02-27T17:01:18Z,Richard Fitzgerald,False
linux,2018-02-28T01:39:52Z,Dave Airlie,False
linux,2018-02-24T14:15:22Z,Stefan Wahren,False
linux,2018-02-24T14:15:21Z,Stefan Wahren,False
linux,2018-02-27T01:00:35Z,Florian Fainelli,False
linux,2018-02-27T22:02:39Z,Linus Torvalds,False
linux,2018-02-27T18:39:29Z,James Morris,False
linux,2018-02-27T17:48:43Z,Linus Torvalds,False
linux,2018-02-26T14:44:20Z,Petr Mladek,False
linux,2018-02-13T06:08:14Z,Chen-Yu Tsai,False
linux,2018-02-21T08:11:00Z,Maxime Ripard,False
linux,2018-02-21T01:50:03Z,Dave Airlie,False
linux,2018-02-08T20:28:08Z,Jeremy Boone,False
linux,2018-02-08T20:29:09Z,Jeremy Boone,False
linux,2018-02-08T20:30:01Z,Jeremy Boone,False
linux,2018-02-08T20:31:16Z,Jeremy Boone,False
linux,2018-02-08T20:32:06Z,Jeremy Boone,False
linux,2018-02-13T17:48:29Z,Shuah Khan,False
linux,2018-02-13T17:45:57Z,Shuah Khan,False
linux,2018-02-07T17:24:31Z,Daniel Díaz,False
linux,2018-02-26T21:22:45Z,Linus Torvalds,False
linux,2018-02-25T13:08:14Z,Linus Walleij,False
linux,2018-02-26T20:38:58Z,Arnd Bergmann,False
linux,2018-02-26T19:39:30Z,Matthew Wilcox,False
linux,2018-02-26T18:19:15Z,Linus Torvalds,False
linux,2018-02-25T20:17:31Z,Chengguang Xu,False
linux,2018-02-26T17:34:21Z,Linus Torvalds,False
linux,2018-02-26T17:28:35Z,Linus Torvalds,False
linux,2018-02-20T10:17:28Z,Andrea Parri,False
linux,2018-02-26T14:36:38Z,Takashi Iwai,False
linux,2018-02-21T09:20:27Z,Maxime Ripard,False
linux,2018-02-22T16:12:17Z,Ondrej Jirman,False
linux,2018-02-26T02:50:41Z,Linus Torvalds,False
linux,2018-02-26T01:02:24Z,Linus Torvalds,False
linux,2018-02-26T00:58:55Z,Linus Torvalds,False
linux,2018-02-26T00:57:22Z,Linus Torvalds,False
linux,2018-02-26T00:29:59Z,Linus Torvalds,False
linux,2018-02-26T00:27:51Z,Linus Torvalds,False
linux,2018-02-25T21:43:18Z,Linus Torvalds,False
linux,2018-02-24T04:05:56Z,Yufen Yu,False
linux,2018-02-22T05:34:46Z,BingJing Chang,False
linux,2018-01-23T15:06:12Z,Lidong Zhong,False
linux,2018-02-22T19:58:42Z,Mario Limonciello,False
linux,2018-02-25T11:00:11Z,Matthew Wilcox,False
linux,2018-02-25T00:05:50Z,Linus Torvalds,False
linux,2018-02-23T12:06:52Z,Erik Veijola,False
linux,2018-02-22T13:20:35Z,Hans de Goede,False
linux,2018-02-20T12:38:08Z,Shyam Saini,False
linux,2018-02-19T16:13:25Z,Brijesh Singh,False
linux,2018-02-19T16:14:44Z,Brijesh Singh,False
linux,2018-02-23T18:36:50Z,Brijesh Singh,False
linux,2018-01-15T13:32:04Z,Brijesh Singh,False
linux,2018-01-15T13:32:02Z,Brijesh Singh,False
linux,2018-02-05T06:57:58Z,Wanpeng Li,False
linux,2018-01-17T03:46:54Z,Dou Liyang,False
linux,2018-02-01T21:16:21Z,Radim Krčmář,False
linux,2018-02-22T12:04:39Z,Sebastian Ott,False
linux,2018-02-22T12:05:41Z,Sebastian Ott,False
linux,2018-02-22T11:16:30Z,Stefan Raspl,False
linux,2018-02-22T11:16:29Z,Stefan Raspl,False
linux,2018-02-22T11:16:28Z,Stefan Raspl,False
linux,2018-02-22T11:16:27Z,Stefan Raspl,False
linux,2018-02-22T11:16:26Z,Stefan Raspl,False
linux,2018-02-22T11:16:24Z,Stefan Raspl,False
linux,2018-02-05T12:59:58Z,Stefan Raspl,False
linux,2018-02-05T12:59:57Z,Stefan Raspl,False
linux,2018-01-09T12:27:04Z,Marc Hartmayer,False
linux,2018-01-09T12:27:03Z,Marc Hartmayer,False
linux,2018-01-09T12:27:02Z,Marc Hartmayer,False
linux,2018-01-09T12:27:01Z,Marc Hartmayer,False
linux,2018-02-08T07:32:45Z,Wanpeng Li,False
linux,2018-02-11T02:06:30Z,Chao Gao,False
linux,2018-02-13T14:36:00Z,Wanpeng Li,False
linux,2018-02-01T01:30:21Z,Eric Biggers,False
linux,2018-01-31T17:12:50Z,Radim Krčmář,False
linux,2018-02-23T22:29:32Z,Paolo Bonzini,False
linux,2018-02-23T23:14:17Z,Linus Torvalds,False
linux,2018-02-23T23:04:24Z,Linus Torvalds,False
linux,2018-02-23T23:01:01Z,Linus Torvalds,False
linux,2018-02-23T22:59:29Z,Linus Torvalds,False
linux,2018-02-23T22:57:20Z,Linus Torvalds,False
linux,2018-02-23T22:41:14Z,Linus Torvalds,False
linux,2018-02-23T22:09:43Z,Linus Torvalds,False
linux,2018-02-13T20:40:40Z,Markus Mayer,False
linux,2018-02-13T20:40:39Z,Markus Mayer,False
linux,2018-02-13T20:40:38Z,Markus Mayer,False
linux,2018-02-23T18:31:31Z,Linus Torvalds,False
linux,2018-02-23T18:06:16Z,Paolo Bonzini,False
linux,2018-02-23T18:02:57Z,Paolo Bonzini,False
linux,2018-02-23T03:45:27Z,Eric Dumazet,False
linux,2018-02-23T17:34:18Z,David S. Miller,False
linux,2018-02-22T19:05:33Z,Andy Spencer,False
linux,2018-02-22T15:55:34Z,Arnd Bergmann,False
linux,2018-02-22T15:20:30Z,Alexey Kodanev,False
linux,2018-02-05T13:28:01Z,Pratyush Anand,False
linux,2018-02-03T19:11:23Z,Ilia Mirkin,False
linux,2018-02-22T15:18:13Z,Anna Karbownik,False
linux,2018-02-21T20:50:36Z,Samuel Neves,False
linux,2018-02-22T08:48:12Z,Dou Liyang,False
linux,2018-02-22T09:24:48Z,Andrea Parri,False
linux,2018-02-22T09:24:29Z,Andrea Parri,False
linux,2018-02-22T15:43:18Z,Paolo Bonzini,False
linux,2018-02-22T15:43:17Z,Paolo Bonzini,False
linux,2018-02-23T03:26:03Z,Wang Hui,False
linux,2018-02-22T11:08:06Z,Thomas Gleixner,False
linux,2018-02-22T13:00:11Z,Michael Ellerman,False
linux,2018-02-22T12:58:49Z,Michael Ellerman,False
linux,2018-02-21T10:36:26Z,Bharata B Rao,False
linux,2018-02-22T22:52:19Z,Ben Crocker,False
linux,2018-02-13T01:26:20Z,Randy Dunlap,False
linux,2018-02-23T03:55:46Z,James Morris,False
linux,2018-02-23T01:11:57Z,Dave Airlie,False
linux,2018-02-23T00:59:26Z,Kees Cook,False
linux,2018-02-23T01:04:06Z,Linus Torvalds,False
linux,2018-02-23T00:38:10Z,Linus Torvalds,False
linux,2018-02-23T00:03:43Z,Daniel Borkmann,False
linux,2018-02-22T14:12:53Z,Daniel Borkmann,False
linux,2018-02-22T11:22:20Z,Miles Chen,False
linux,2018-02-22T22:41:25Z,Darrick J. Wong,False
linux,2018-02-22T22:41:25Z,Eric Sandeen,False
linux,2017-12-15T12:46:28Z,Mathieu Malaterre,False
linux,2018-02-22T11:08:05Z,Thomas Gleixner,False
linux,2018-02-12T21:18:38Z,Randy Dunlap,False
linux,2018-02-22T14:38:14Z,David Howells,False
linux,2018-02-22T09:11:55Z,Dan Carpenter,False
linux,2018-02-22T18:10:35Z,Yonghong Song,False
linux,2018-02-22T16:33:24Z,Eric Dumazet,False
linux,2018-02-22T20:17:01Z,David S. Miller,False
linux,2018-02-22T20:13:01Z,Linus Torvalds,False
linux,2018-02-22T20:05:43Z,Linus Torvalds,False
linux,2018-02-22T20:04:05Z,Linus Torvalds,False
linux,2018-02-22T19:55:28Z,Johannes Berg,False
linux,2018-02-22T19:57:39Z,Linus Torvalds,False
linux,2018-02-22T19:53:17Z,Linus Torvalds,False
linux,2018-02-22T00:18:30Z,Thomas Falcon,False
linux,2018-02-21T22:24:59Z,Finn Thain,False
linux,2018-02-21T19:00:54Z,David Ahern,False
linux,2018-02-21T14:43:03Z,Eric Dumazet,False
linux,2018-02-21T05:42:26Z,Eric Dumazet,False
linux,2018-02-21T03:41:59Z,Jason A. Donenfeld,False
linux,2018-02-22T18:50:24Z,James Morris,False
linux,2018-02-22T18:45:46Z,Linus Torvalds,False
linux,2018-02-22T17:15:06Z,"Luck, Tony",False
linux,2018-02-22T17:41:40Z,Kees Cook,False
linux,2018-02-14T09:15:12Z,Michal Hocko,False
linux,2018-02-07T11:27:54Z,Colin Ian King,False
linux,2018-02-21T18:46:43Z,Bill.Baker@oracle.com,False
linux,2018-02-07T22:20:09Z,H.J. Lu,False
linux,2018-02-21T12:18:49Z,Arnd Bergmann,False
linux,2018-02-22T16:47:09Z,Arnd Bergmann,False
linux,2018-02-22T16:46:40Z,Arnd Bergmann,False
linux,2018-02-22T16:45:52Z,Arnd Bergmann,False
linux,2018-02-22T16:44:19Z,Arnd Bergmann,False
linux,2018-02-20T16:24:52Z,Arnd Bergmann,False
linux,2018-02-20T16:24:50Z,Arnd Bergmann,False
linux,2018-02-22T16:40:14Z,Arnd Bergmann,False
linux,2017-12-15T12:46:48Z,Mathieu Malaterre,False
linux,2017-12-14T16:53:52Z,Mathieu Malaterre,False
linux,2018-02-22T16:37:01Z,Arnd Bergmann,False
linux,2018-02-01T21:32:40Z,Rob Herring,False
linux,2018-02-16T10:03:01Z,Alexandre Belloni,False
linux,2018-02-22T14:38:34Z,David Howells,False
linux,2018-02-22T14:38:34Z,Eric Biggers,False
linux,2018-02-22T14:38:33Z,Eric Biggers,False
linux,2018-02-22T14:38:33Z,Eric Biggers,False
linux,2018-02-22T14:38:33Z,Eric Biggers,False
linux,2018-02-22T14:38:33Z,Eric Biggers,False
linux,2018-02-22T02:34:02Z,Li Zhijian,False
linux,2018-02-21T12:59:27Z,Will Deacon,False
linux,2018-02-17T20:58:43Z,Andy Shevchenko,False
linux,2018-01-26T20:19:26Z,Patryk Kocielnik,False
linux,2018-02-08T13:54:05Z,Eric Anholt,False
linux,2018-02-20T16:33:45Z,Takashi Iwai,False
linux,2018-02-22T09:54:55Z,Ingo Molnar,False
linux,2018-02-20T19:49:20Z,Mark Lord,False
linux,2018-02-13T20:02:53Z,Michael Bringmann,False
linux,2018-02-21T11:54:37Z,Michael Ellerman,False
linux,2018-01-07T13:49:05Z,Stefan Agner,False
linux,2018-02-21T02:47:47Z,Tycho Andersen,False
linux,2018-02-21T02:47:46Z,Tycho Andersen,False
linux,2018-02-21T02:47:45Z,Tycho Andersen,False
linux,2018-02-21T21:30:01Z,Anders Roxell,False
linux,2018-02-21T16:51:16Z,Anders Roxell,False
linux,2018-02-20T22:07:33Z,Arnd Bergmann,False
linux,2018-02-21T22:46:09Z,Juergen Gross,False
linux,2018-02-21T22:46:05Z,Anders Roxell,False
linux,2018-02-21T22:46:01Z,Michal Hocko,False
linux,2018-02-21T22:45:58Z,Anders Roxell,False
linux,2018-02-21T22:45:54Z,Arnd Bergmann,False
linux,2018-02-21T22:45:50Z,Mike Rapoport,False
linux,2018-02-21T22:45:46Z,Mike Rapoport,False
linux,2018-02-21T22:45:43Z,Rasmus Villemoes,False
linux,2018-02-21T22:45:39Z,Huang Ying,False
linux,2018-02-21T22:45:35Z,Andi Kleen,False
linux,2018-02-21T22:45:32Z,David Rientjes,False
linux,2018-02-21T22:45:28Z,Shakeel Butt,False
linux,2018-02-21T22:45:24Z,Johannes Weiner,False
linux,2018-02-21T22:45:20Z,Arnd Bergmann,False
linux,2018-02-21T22:45:17Z,Andrew Morton,False
linux,2018-02-21T22:45:12Z,Martin Kelly,False
linux,2018-02-21T22:39:26Z,Dave Airlie,False
linux,2018-02-21T21:35:50Z,Trond Myklebust,False
linux,2018-02-20T21:22:05Z,Tom Lendacky,False
linux,2018-02-21T20:37:37Z,David S. Miller,False
linux,2018-02-21T20:09:30Z,David S. Miller,False
linux,2018-02-20T13:32:20Z,Jesper Dangaard Brouer,False
linux,2018-02-20T13:32:15Z,Jesper Dangaard Brouer,False
linux,2018-02-20T13:32:10Z,Jesper Dangaard Brouer,False
linux,2018-02-20T13:32:04Z,Jesper Dangaard Brouer,False
linux,2018-02-21T19:57:35Z,David S. Miller,False
linux,2018-02-21T19:49:55Z,David S. Miller,False
linux,2018-02-21T08:25:01Z,Leon Romanovsky,False
linux,2018-02-20T13:09:11Z,Arnd Bergmann,False
linux,2018-02-20T09:10:36Z,Artur Paszkiewicz,False
linux,2018-02-06T08:46:13Z,Peter Zijlstra,False
linux,2018-02-21T02:42:14Z,Josh Poimboeuf,False
linux,2018-02-20T17:37:53Z,Josh Poimboeuf,False
linux,2018-02-20T17:37:52Z,Josh Poimboeuf,False
linux,2018-02-20T17:37:51Z,Josh Poimboeuf,False
linux,2018-02-20T21:01:13Z,Dominik Brodowski,False
linux,2018-02-20T21:01:12Z,Dominik Brodowski,False
linux,2018-02-20T21:01:11Z,Dominik Brodowski,False
linux,2018-02-20T21:01:10Z,Dominik Brodowski,False
linux,2018-02-20T21:01:09Z,Dominik Brodowski,False
linux,2018-02-20T21:01:08Z,Dominik Brodowski,False
linux,2018-02-21T08:20:37Z,Ingo Molnar,False
linux,2018-02-20T22:55:46Z,Stefan Agner,False
linux,2018-02-20T18:45:56Z,Andrea Parri,False
linux,2018-02-20T20:58:21Z,Arnd Bergmann,False
linux,2018-02-16T09:24:29Z,Jarkko Nikula,False
linux,2018-02-14T15:29:52Z,Ben Gardner,False
linux,2018-01-31T09:18:28Z,Peter Zijlstra,False
linux,2018-01-16T09:24:06Z,Peter Zijlstra,False
linux,2018-01-16T16:16:32Z,Peter Zijlstra,False
linux,2018-01-23T15:18:50Z,Peter Zijlstra,False
linux,2018-01-16T09:38:09Z,Peter Zijlstra,False
linux,2018-01-17T15:58:11Z,Peter Zijlstra,False
linux,2018-01-17T21:34:34Z,Peter Zijlstra,False
linux,2018-02-20T15:01:36Z,Peter Zijlstra,False
linux,2018-02-20T14:20:08Z,Jani Nikula,False
linux,2018-02-19T20:32:51Z,Roman Kapl,False
linux,2018-02-19T17:59:38Z,Philipp Zabel,False
linux,2018-02-19T17:59:37Z,Philipp Zabel,False
linux,2018-02-19T17:59:36Z,Philipp Zabel,False
linux,2018-02-16T13:01:18Z,Frederic Barrat,False
linux,2018-02-15T18:49:51Z,Juan J. Alvarez,False
linux,2018-02-20T21:09:15Z,Dave Airlie,False
linux,2018-02-20T21:08:22Z,Dave Airlie,False
linux,2018-02-06T08:52:19Z,Vlad Buslov,False
linux,2018-01-31T07:36:29Z,Eugenia Emantayev,False
linux,2018-02-11T11:26:06Z,Or Gerlitz,False
linux,2018-02-02T15:32:53Z,Daniel Jurgens,False
linux,2018-01-25T16:00:41Z,Gal Pressman,False
linux,2018-01-30T11:16:58Z,Or Gerlitz,False
linux,2018-01-01T13:29:53Z,Or Gerlitz,False
linux,2018-01-01T13:19:51Z,Or Gerlitz,False
linux,2018-01-25T09:18:09Z,Eran Ben Elisha,False
linux,2017-12-07T15:26:33Z,Inbar Karmy,False
linux,2017-12-20T06:48:24Z,Gal Pressman,False
linux,2018-02-07T11:46:43Z,David Hildenbrand,False
linux,2018-02-07T11:46:45Z,David Hildenbrand,False
linux,2018-02-07T11:46:44Z,David Hildenbrand,False
linux,2018-02-07T11:46:42Z,David Hildenbrand,False
linux,2018-01-30T16:46:16Z,Hersen Wu,False
linux,2018-02-03T20:19:20Z,Mikita Lipski,False
linux,2018-01-19T16:21:04Z,Mikita Lipski,False
linux,2018-02-20T01:00:07Z,Jeremy Cline,False
linux,2018-02-15T13:40:30Z,Alex Deucher,False
linux,2018-02-13T19:26:54Z,Alex Deucher,False
linux,2018-02-13T19:25:11Z,Alex Deucher,False
linux,2018-02-20T02:12:57Z,Thomas Falcon,False
linux,2018-02-15T20:30:29Z,Michael Clark,False
linux,2018-01-30T07:51:45Z,zongbox@gmail.com,False
linux,2018-02-20T18:51:19Z,Palmer Dabbelt,False
linux,2018-02-05T01:21:18Z,Ulf Magnusson,False
linux,2018-02-08T22:54:46Z,Ulf Magnusson,False
linux,2018-02-05T01:21:19Z,Ulf Magnusson,False
linux,2018-02-20T18:05:02Z,Linus Torvalds,False
linux,2018-02-16T05:20:13Z,Selvin Xavier,False
linux,2018-02-16T05:20:12Z,Selvin Xavier,False
linux,2018-02-16T05:20:11Z,Selvin Xavier,False
linux,2018-02-16T05:20:10Z,Devesh Sharma,False
linux,2018-02-16T05:20:08Z,Devesh Sharma,False
linux,2018-02-20T15:44:37Z,James Hogan,False
linux,2018-02-20T13:31:35Z,Bin Liu,False
linux,2018-02-20T13:30:10Z,Andreas Kemnade,False
linux,2018-02-14T17:21:57Z,Mark Rutland,False
linux,2017-10-09T16:09:05Z,Mark Rutland,False
linux,2017-12-12T16:56:06Z,Mark Rutland,False
linux,2018-02-05T16:42:00Z,Mark Rutland,False
linux,2018-02-05T16:41:59Z,Mark Rutland,False
linux,2018-02-05T16:41:58Z,Mark Rutland,False
linux,2018-02-05T16:41:57Z,Mark Rutland,False
linux,2018-02-05T16:41:56Z,Mark Rutland,False
linux,2018-02-05T16:41:55Z,Mark Rutland,False
linux,2018-02-19T10:50:57Z,David Woodhouse,False
linux,2018-02-15T10:19:36Z,Neil Armstrong,False
linux,2018-02-20T09:03:22Z,Greg Kroah-Hartman,False
linux,2018-02-19T10:50:54Z,David Woodhouse,False
linux,2018-02-19T10:50:56Z,David Woodhouse,False
linux,2018-02-19T15:06:14Z,Jan Beulich,False
linux,2018-02-19T14:52:10Z,Jan Beulich,False
linux,2018-02-19T14:50:23Z,Jan Beulich,False
linux,2018-02-19T14:49:12Z,Jan Beulich,False
linux,2018-02-19T17:50:39Z,Jann Horn,False
linux,2018-02-19T14:48:11Z,Jan Beulich,False
linux,2018-02-19T11:35:43Z,Chris Wilson,False
linux,2018-02-18T09:05:16Z,Tomas Winkler,False
linux,2018-02-18T09:05:15Z,Alexander Usyskin,False
linux,2018-02-20T07:57:23Z,Greg Kroah-Hartman,False
linux,2018-02-20T07:39:51Z,KarimAllah Ahmed,False
linux,2018-02-14T17:23:56Z,Sylwester Nawrocki,False
linux,2018-02-15T08:23:15Z,Corentin Labbe,False
linux,2018-02-08T17:42:51Z,Markus Elfring,False
linux,2018-02-05T20:09:59Z,Wolfram Sang,False
linux,2018-01-17T17:01:21Z,Arnd Bergmann,False
linux,2018-02-19T19:58:19Z,Linus Torvalds,False
linux,2018-02-18T20:11:25Z,Jacek Anaszewski,False
linux,2018-02-19T06:57:04Z,Prashant Sreedharan,False
linux,2018-02-06T09:39:15Z,Yufen Yu,False
linux,2018-02-02T22:19:30Z,NeilBrown,False
linux,2018-02-17T03:36:28Z,Eric Dumazet,False
linux,2018-02-19T16:46:57Z,Will Deacon,False
linux,2018-02-01T22:13:36Z,Michael Weiser,False
linux,2018-02-01T22:13:38Z,Michael Weiser,False
linux,2018-02-19T14:41:44Z,Will Deacon,False
linux,2018-02-16T23:30:44Z,Ido Schimmel,False
linux,2018-02-19T16:17:34Z,David S. Miller,False
linux,2018-02-16T22:56:39Z,Subash Abhinov Kasiviswanathan,False
linux,2018-02-16T22:56:38Z,Subash Abhinov Kasiviswanathan,False
linux,2018-02-16T22:56:37Z,Subash Abhinov Kasiviswanathan,False
linux,2018-02-18T08:53:59Z,Kai-Heng Feng,False
linux,2018-02-13T17:35:36Z,Jan Luebbe,False
linux,2018-01-25T09:37:52Z,Philipp Zabel,False
linux,2018-02-15T14:35:30Z,Tobias Jordan,False
linux,2018-02-15T14:34:55Z,Tobias Jordan,False
linux,2018-02-19T13:38:00Z,Robin Murphy,False
linux,2018-02-19T12:48:43Z,Ilan Peer,False
linux,2018-02-19T12:48:42Z,Ilan Peer,False
linux,2018-02-19T12:48:38Z,Avraham Stern,False
linux,2018-02-19T12:48:37Z,Sara Sharon,False
linux,2018-02-19T12:48:35Z,Sara Sharon,False
linux,2018-02-10T12:20:34Z,Felix Fietkau,False
linux,2018-02-19T06:39:54Z,Bhupesh Sharma,False
linux,2018-01-24T07:40:51Z,Johannes Berg,False
linux,2018-02-02T15:31:23Z,Arnd Bergmann,False
linux,2018-02-13T14:15:27Z,Geert Uytterhoeven,False
linux,2018-02-19T01:29:42Z,Linus Torvalds,False
linux,2018-02-18T20:56:41Z,Linus Torvalds,False
linux,2018-02-18T20:38:40Z,Linus Torvalds,False
linux,2018-02-18T20:22:04Z,Linus Torvalds,False
linux,2018-02-18T19:54:22Z,Linus Torvalds,False
linux,2018-02-02T22:19:30Z,NeilBrown,False
linux,2018-02-02T22:13:19Z,Heinz Mauelshagen,False
linux,2018-01-24T04:17:38Z,Xiao Ni,False
linux,2018-01-19T03:37:56Z,Guoqing Jiang,False
linux,2018-01-13T08:49:03Z,Markus Elfring,False
linux,2018-01-17T13:38:02Z,Luis de Bethencourt,False
linux,2017-12-23T18:20:31Z,Aliaksei Karaliou,False
linux,2018-02-17T18:20:47Z,Linus Torvalds,False
linux,2018-02-17T18:08:28Z,Linus Torvalds,False
linux,2018-02-17T18:06:13Z,Linus Torvalds,False
linux,2018-02-17T17:48:26Z,Linus Torvalds,False
linux,2018-02-17T17:46:18Z,Linus Torvalds,False
linux,2018-02-17T17:16:09Z,Linus Torvalds,False
linux,2018-02-15T14:02:53Z,Stefan Windfeldt-Prytz,False
linux,2018-02-14T14:43:00Z,Lars-Peter Clausen,False
linux,2018-02-14T17:59:24Z,Dominik Brodowski,False
linux,2018-02-14T17:59:23Z,Dominik Brodowski,False
linux,2018-02-14T18:28:24Z,Stefano Stabellini,False
linux,2018-02-14T18:28:23Z,Stefano Stabellini,False
linux,2018-02-07T23:49:23Z,Prarit Bhargava,False
linux,2018-02-02T17:42:33Z,Joao Martins,False
linux,2018-02-16T17:04:23Z,Robin Murphy,False
linux,2018-02-16T11:26:40Z,Borislav Petkov,False
linux,2018-02-16T11:26:39Z,Borislav Petkov,False
linux,2018-02-16T11:26:38Z,Borislav Petkov,False
linux,2018-02-16T21:20:54Z,Dan Williams,False
linux,2018-02-16T21:20:48Z,Rasmus Villemoes,False
linux,2018-02-16T21:20:42Z,Dan Williams,False
linux,2018-02-15T00:12:54Z,Max Filippov,False
linux,2018-02-11T09:38:28Z,Lukas Wunner,False
linux,2018-02-11T09:38:28Z,Lukas Wunner,False
linux,2018-02-16T09:18:33Z,Xin Long,False
linux,2018-02-11T09:38:28Z,Lukas Wunner,False
linux,2018-02-14T05:41:25Z,Lukas Wunner,False
linux,2018-02-11T09:38:28Z,Lukas Wunner,False
linux,2018-02-15T22:59:00Z,David Howells,False
linux,2018-02-15T22:47:15Z,Eric Dumazet,False
linux,2018-02-15T17:18:43Z,Alexey Kodanev,False
linux,2018-02-16T20:52:42Z,David S. Miller,False
linux,2018-02-15T15:59:49Z,Paolo Abeni,False
linux,2018-02-15T14:33:18Z,Casey Leedom,False
linux,2018-02-15T12:50:01Z,Rahul Lakkireddy,False
linux,2018-02-15T12:46:57Z,Ganesh Goudar,False
linux,2018-02-16T20:22:33Z,Linus Torvalds,False
linux,2018-02-15T08:46:03Z,Stefano Brivio,False
linux,2018-02-14T23:45:07Z,Kees Cook,False
linux,2018-02-15T11:14:56Z,Will Deacon,False
linux,2018-02-16T15:25:53Z,Arnd Bergmann,False
linux,2018-02-16T17:31:37Z,Linus Torvalds,False
linux,2018-02-16T17:26:18Z,Linus Torvalds,False
linux,2018-02-16T17:23:36Z,Linus Torvalds,False
linux,2018-02-16T17:20:00Z,Linus Torvalds,False
linux,2018-02-15T02:43:36Z,Steve Wise,False
linux,2018-02-16T17:11:30Z,Linus Torvalds,False
linux,2018-02-16T17:08:59Z,Linus Torvalds,False
linux,2018-01-26T17:48:18Z,Liam Mark,False
linux,2018-02-04T02:06:27Z,Ben Hutchings,False
linux,2018-02-16T15:36:04Z,Arnd Bergmann,False
linux,2018-02-14T12:38:43Z,Leon Romanovsky,False
linux,2018-02-15T09:00:15Z,NeilBrown,False
linux,2018-02-16T14:47:26Z,Thomas Gleixner,False
linux,2018-02-14T15:47:35Z,Andy Shevchenko,False
linux,2018-02-12T02:18:12Z,Jaedon Shin,False
linux,2018-02-12T16:11:48Z,Eric Dumazet,False
linux,2018-01-22T15:06:16Z,Philipp Zabel,False
linux,2018-02-06T18:55:33Z,Marc Zyngier,False
linux,2018-02-01T17:03:29Z,Stephen Boyd,False
linux,2018-02-01T00:03:42Z,Shanker Donthineni,False
linux,2018-02-02T14:20:29Z,Mark Salter,False
linux,2018-02-05T16:45:36Z,Matt Redfearn,False
linux,2018-02-14T18:45:59Z,Colin Ian King,False
linux,2018-02-16T03:27:41Z,Nathan Fontenot,False
linux,2018-02-14T12:03:29Z,Tomas Winkler,False
linux,2018-02-16T08:47:15Z,Martijn Coenen,False
linux,2018-02-07T21:57:37Z,Todd Kjos,False
linux,2018-02-07T20:38:47Z,Todd Kjos,False
linux,2018-01-31T07:11:24Z,Eric Biggers,False
linux,2018-02-15T14:05:54Z,Robin Murphy,False
linux,2018-02-14T02:54:03Z,Michael Kelley,False
linux,2018-02-15T16:54:56Z,Matthew Whitehead,False
linux,2018-02-15T16:54:55Z,Matthew Whitehead,False
linux,2018-02-15T16:54:54Z,Matthew Whitehead,False
linux,2018-02-15T14:05:53Z,Robin Murphy,False
linux,2018-02-16T08:30:05Z,Greg Kroah-Hartman,False
linux,2018-01-09T23:51:24Z,Jessica Yu,False
linux,2018-01-09T23:51:23Z,Jessica Yu,False
linux,2018-02-16T08:10:09Z,Ingo Molnar,False
linux,2018-02-16T05:27:48Z,Dominik Bozek,False
linux,2018-02-16T00:10:29Z,Daniel Borkmann,False
linux,2018-02-16T04:26:01Z,Dave Airlie,False
linux,2018-02-07T17:40:27Z,Thierry Reding,False
linux,2018-02-16T02:33:03Z,Dave Airlie,False
linux,2018-02-16T02:30:41Z,Dave Airlie,False
linux,2018-02-15T22:50:32Z,Linus Torvalds,False
linux,2018-02-15T22:40:01Z,Linus Torvalds,False
linux,2018-02-15T20:36:46Z,Adit Ranadive,False
linux,2018-02-15T22:31:28Z,Linus Torvalds,False
linux,2018-02-14T10:35:40Z,Leon Romanovsky,False
linux,2018-02-14T10:35:39Z,Leon Romanovsky,False
linux,2018-02-14T10:35:38Z,Leon Romanovsky,False
linux,2018-02-14T10:35:37Z,Leon Romanovsky,False
linux,2018-02-13T10:18:41Z,Leon Romanovsky,False
linux,2018-02-13T10:18:40Z,Jason Gunthorpe,False
linux,2018-02-15T22:29:27Z,Linus Torvalds,False
linux,2018-02-13T10:18:38Z,Jason Gunthorpe,False
linux,2018-02-13T10:18:37Z,Leon Romanovsky,False
linux,2018-02-13T10:18:36Z,Jason Gunthorpe,False
linux,2018-02-13T10:18:35Z,Matan Barak,False
linux,2018-02-13T10:18:34Z,Matan Barak,False
linux,2018-02-13T10:18:33Z,Jason Gunthorpe,False
linux,2018-02-13T10:18:32Z,Matan Barak,False
linux,2018-02-13T10:18:31Z,Jason Gunthorpe,False
linux,2018-02-13T10:18:30Z,Jason Gunthorpe,False
linux,2018-02-13T10:18:29Z,Matan Barak,False
linux,2018-02-13T10:18:28Z,Leon Romanovsky,False
linux,2018-02-13T10:18:27Z,Alaa Hleihel,False
linux,2018-01-31T22:24:46Z,James Hogan,False
linux,2018-01-31T22:24:45Z,James Hogan,False
linux,2018-02-02T15:07:34Z,Arnd Bergmann,False
linux,2018-01-26T15:06:51Z,Christoffer Dall,False
linux,2018-02-15T18:24:10Z,Jack Stocker,False
linux,2018-02-13T23:31:05Z,Max Filippov,False
linux,2018-02-08T03:55:01Z,AMAN DEEP,False
linux,2018-02-05T03:50:56Z,Peter Chen,False
linux,2018-02-09T09:12:06Z,Karsten Koop,False
linux,2018-02-05T08:12:35Z,Yoshihiro Shimoda,False
linux,2018-02-01T04:26:43Z,Peter Chen,False
linux,2018-01-26T18:56:50Z,Shuah Khan,False
linux,2018-02-02T05:51:39Z,Shigeru Yoshida,False
linux,2018-02-01T09:32:32Z,Kristian Evensen,False
linux,2018-02-12T12:24:51Z,Zhengjun Xing,False
linux,2018-02-12T12:24:50Z,Zhengjun Xing,False
linux,2018-02-12T12:24:49Z,Zhengjun Xing,False
linux,2018-02-12T12:24:48Z,Zhengjun Xing,False
linux,2018-02-12T12:24:47Z,Mathias Nyman,False
linux,2018-02-12T12:24:46Z,Joe Lee,False
linux,2018-02-15T17:28:47Z,Linus Torvalds,False
linux,2018-02-15T17:18:55Z,Tony Lindgren,False
linux,2018-02-15T17:05:26Z,Linus Torvalds,False
linux,2018-02-15T14:53:17Z,Minwoo Im,False
linux,2018-02-12T13:30:08Z,Roger Quadros,False
linux,2018-01-23T09:35:14Z,Wei Yongjun,False
linux,2018-02-08T11:47:48Z,Hendrik Brueckner,False
linux,2018-02-08T11:47:50Z,Hendrik Brueckner,False
linux,2018-02-08T11:47:49Z,Hendrik Brueckner,False
linux,2018-02-13T11:54:58Z,Ingo Molnar,False
linux,2018-01-17T08:38:31Z,Thomas Richter,False
linux,2018-02-05T11:48:35Z,Sangwon Hong,False
linux,2018-01-29T13:03:59Z,Andy Shevchenko,False
linux,2018-01-18T21:26:32Z,Kan Liang,False
linux,2018-01-18T21:26:31Z,Kan Liang,False
linux,2018-01-18T21:26:30Z,Kan Liang,False
linux,2018-01-18T21:26:29Z,Kan Liang,False
linux,2018-01-18T21:26:28Z,Kan Liang,False
linux,2018-02-02T14:27:25Z,Arnaldo Carvalho de Melo,False
linux,2018-01-18T21:26:26Z,Kan Liang,False
linux,2018-01-18T21:26:25Z,Kan Liang,False
linux,2018-01-18T21:26:24Z,Kan Liang,False
linux,2018-01-18T21:26:23Z,Kan Liang,False
linux,2018-01-18T21:26:22Z,Kan Liang,False
linux,2018-01-18T21:26:21Z,Kan Liang,False
linux,2018-01-18T21:26:20Z,Kan Liang,False
linux,2018-01-18T21:26:19Z,Kan Liang,False
linux,2018-01-18T21:26:18Z,Kan Liang,False
linux,2018-01-18T21:26:17Z,Kan Liang,False
linux,2018-01-18T21:26:16Z,Kan Liang,False
linux,2018-01-31T03:28:13Z,William Cohen,False
linux,2018-02-15T11:02:42Z,Rafael J. Wysocki,False
linux,2018-02-15T11:01:53Z,Rafael J. Wysocki,False
linux,2018-02-07T22:12:26Z,Alexander Abrosimov,False
linux,2018-02-13T20:43:43Z,Laszlo Toth,False
linux,2018-02-11T09:18:49Z,Aaron Ma,False
linux,2018-02-14T11:55:24Z,Andrey Ryabinin,False
linux,2018-02-07T15:52:09Z,Kamil Konieczny,False
linux,2018-02-13T09:44:32Z,Daniel Schultz,False
linux,2018-02-15T09:01:06Z,Daniel Borkmann,False
linux,2018-02-15T06:42:55Z,Quentin Monnet,False
linux,2018-02-15T06:42:54Z,Quentin Monnet,False
linux,2018-02-15T02:01:53Z,Jens Axboe,False
linux,2018-02-15T01:31:51Z,Linus Torvalds,False
linux,2018-02-15T01:02:15Z,Linus Torvalds,False
linux,2018-02-14T07:39:11Z,Ingo Molnar,False
linux,2018-02-13T19:22:08Z,Gustavo A. R. Silva,False
linux,2018-02-14T07:14:17Z,Dan Carpenter,False
linux,2018-01-01T01:52:10Z,Jia Zhang,False
linux,2017-12-18T08:34:10Z,Rui Wang,False
linux,2018-01-31T16:03:10Z,Andy Lutomirski,False
linux,2018-02-13T13:28:19Z,Peter Zijlstra,False
linux,2018-02-05T14:16:06Z,Will Deacon,False
linux,2018-02-07T02:22:40Z,Dan Williams,False
linux,2018-02-09T12:16:59Z,Peter Zijlstra,False
linux,2018-02-08T23:09:26Z,Josh Poimboeuf,False
linux,2018-02-08T23:09:25Z,Josh Poimboeuf,False
linux,2018-02-13T08:15:19Z,Dominik Brodowski,False
linux,2018-02-13T08:13:21Z,Dominik Brodowski,False
linux,2018-02-14T12:17:47Z,Corentin Labbe,False
linux,2018-02-13T07:45:11Z,Nicholas Piggin,False
linux,2018-02-13T08:47:12Z,Cédric Le Goater,False
linux,2018-02-14T03:27:06Z,Cyril Bur,False
linux,2018-02-14T16:21:19Z,Paolo Abeni,False
linux,2018-02-12T17:49:39Z,Paolo Abeni,False
linux,2018-02-12T13:45:42Z,Zhu Lingshan,False
linux,2018-02-09T14:52:07Z,Florian Westphal,False
linux,2018-02-09T14:52:06Z,Florian Westphal,False
linux,2018-02-09T14:52:05Z,Florian Westphal,False
linux,2018-02-09T14:52:04Z,Florian Westphal,False
linux,2018-02-09T14:52:03Z,Florian Westphal,False
linux,2018-02-09T14:52:02Z,Florian Westphal,False
linux,2018-02-09T14:52:01Z,Florian Westphal,False
linux,2018-02-09T14:52:00Z,Florian Westphal,False
linux,2018-02-09T14:51:59Z,Florian Westphal,False
linux,2018-02-08T21:53:52Z,Cong Wang,False
linux,2018-02-14T08:46:08Z,Boris Pismenny,False
linux,2018-02-14T08:46:07Z,Boris Pismenny,False
linux,2018-02-14T08:46:06Z,Boris Pismenny,False
linux,2018-02-14T19:52:39Z,David S. Miller,False
linux,2018-02-14T07:05:33Z,Daniel Axtens,False
linux,2018-02-14T07:05:32Z,Daniel Axtens,False
linux,2018-02-14T07:05:31Z,Daniel Axtens,False
linux,2018-02-07T12:46:25Z,Florian Westphal,False
linux,2018-02-14T19:46:33Z,David S. Miller,False
linux,2018-02-14T05:38:04Z,Ying Xue,False
linux,2018-02-14T05:38:03Z,Ying Xue,False
linux,2018-02-14T05:38:02Z,Ying Xue,False
linux,2018-02-14T05:38:01Z,Ying Xue,False
linux,2018-02-14T05:38:00Z,Ying Xue,False
linux,2018-02-14T05:37:59Z,Ying Xue,False
linux,2018-02-14T05:37:58Z,Ying Xue,False
linux,2018-02-08T11:19:00Z,Paolo Abeni,False
linux,2018-02-14T08:21:51Z,Hans de Goede,False
linux,2018-02-14T08:21:50Z,Hans de Goede,False
linux,2018-02-14T08:21:49Z,Hans de Goede,False
linux,2017-12-20T10:50:17Z,Hans de Goede,False
linux,2018-02-14T19:39:11Z,David S. Miller,False
linux,2018-02-14T00:23:43Z,Thomas Falcon,False
linux,2018-02-14T00:23:42Z,Thomas Falcon,False
linux,2018-02-14T00:23:41Z,Thomas Falcon,False
linux,2018-02-14T00:23:40Z,Thomas Falcon,False
linux,2018-02-13T21:32:50Z,Thomas Falcon,False
linux,2018-02-13T16:59:22Z,Jesper Dangaard Brouer,False
linux,2018-02-14T19:23:20Z,Rodrigo Vivi,False
linux,2018-02-13T11:29:13Z,Xin Long,False
linux,2018-02-13T05:35:31Z,Jakub Kicinski,False
linux,2018-02-13T13:14:09Z,Will Deacon,False
linux,2018-02-14T18:14:59Z,Linus Torvalds,False
linux,2018-02-14T18:06:41Z,Linus Torvalds,False
linux,2018-02-14T14:31:00Z,Daniel Borkmann,False
linux,2018-01-27T21:27:05Z,Adam Ford,False
linux,2018-01-25T20:10:37Z,Adam Ford,False
linux,2018-02-13T14:15:33Z,Geert Uytterhoeven,False
linux,2018-01-02T15:25:35Z,Geert Uytterhoeven,False
linux,2018-02-09T17:35:56Z,Tony Lindgren,False
linux,2018-02-09T16:15:53Z,Tony Lindgren,False
linux,2018-01-11T04:54:43Z,Qi Hou,False
linux,2018-02-14T16:27:41Z,Tony Lindgren,False
linux,2018-02-14T16:01:58Z,Paolo Bonzini,False
linux,2018-02-14T14:17:34Z,Jason Wang,False
linux,2018-02-06T14:17:43Z,David Hildenbrand,False
linux,2018-02-06T10:19:28Z,Christian Borntraeger,False
linux,2016-04-08T15:52:39Z,Christian Borntraeger,False
linux,2018-01-17T11:01:14Z,Nitzan Carmi,False
linux,2018-01-30T10:07:01Z,Israel Rukshin,False
linux,2017-12-18T16:21:23Z,Christian Borntraeger,False
linux,2018-02-13T13:55:49Z,Christian Borntraeger,False
linux,2018-02-14T10:29:15Z,Jan-Marek Glogowski,False
linux,2018-02-12T20:13:44Z,Phil Elwell,False
linux,2018-02-12T13:13:59Z,Jerome Brunet,False
linux,2018-02-12T14:20:51Z,Takashi Iwai,False
linux,2018-02-12T12:33:39Z,Christian Borntraeger,False
linux,2018-01-29T11:22:45Z,Christian Borntraeger,False
linux,2018-02-13T23:33:52Z,Eric Dumazet,False
linux,2018-02-14T03:00:21Z,Yonghong Song,False
linux,2018-02-12T06:48:41Z,Manish Rangankar,False
linux,2018-02-09T06:57:44Z,Meelis Roos,False
linux,2018-02-07T16:12:36Z,Nilesh Javali,False
linux,2018-02-07T16:12:35Z,Andrew Vasquez,False
linux,2018-02-01T18:33:18Z,Himanshu Madhani,False
linux,2018-02-01T18:33:17Z,Quinn Tran,False
linux,2018-01-24T22:49:57Z,Michael Kelley (EOSG),False
linux,2018-02-12T07:28:42Z,Weinan Li,False
linux,2018-02-11T06:59:19Z,Tina Zhang,False
linux,2018-02-09T08:01:34Z,Weinan Li,False
linux,2018-02-13T09:57:47Z,Chris Wilson,False
linux,2018-02-13T09:57:46Z,Tvrtko Ursulin,False
linux,2018-02-13T09:57:45Z,Tvrtko Ursulin,False
linux,2018-02-13T09:57:44Z,Chris Wilson,False
linux,2018-02-13T09:01:54Z,Chris Wilson,False
linux,2018-02-08T15:55:34Z,Keith Busch,False
linux,2018-02-13T12:44:44Z,Keith Busch,False
linux,2018-02-12T12:54:45Z,Jianchao Wang,False
linux,2018-02-13T19:25:50Z,Hans de Goede,False
linux,2018-02-06T22:20:44Z,Anders Roxell,False
linux,2018-02-07T09:17:20Z,Naresh Kamboju,False
linux,2018-02-06T23:52:05Z,Daniel Díaz,False
linux,2018-02-06T14:20:55Z,Andreas Gruenbacher,False
linux,2018-02-13T17:46:16Z,Sowmini Varadhan,False
linux,2018-02-11T10:59:50Z,Dominik Brodowski,False
linux,2018-02-06T22:23:39Z,Anders Roxell,False
linux,2018-02-13T17:35:17Z,Linus Torvalds,False
linux,2018-02-13T17:29:03Z,David S. Miller,False
linux,2018-02-13T11:00:17Z,Jiri Pirko,False
linux,2018-02-13T11:00:16Z,Jiri Pirko,False
linux,2018-02-13T10:22:42Z,Jiri Pirko,False
linux,2018-02-13T10:11:30Z,Tobias Klauser,False
linux,2018-02-13T15:44:34Z,Christoph Hellwig,False
linux,2018-02-12T22:59:51Z,Hauke Mehrtens,False
linux,2018-02-13T15:48:12Z,Nitesh Shetty,False
linux,2018-02-05T01:21:13Z,Ulf Magnusson,False
linux,2018-02-02T13:45:21Z,Gregory CLEMENT,False
linux,2018-01-25T22:23:48Z,Tony Luck,False
linux,2018-02-01T11:41:19Z,Tycho Andersen,False
linux,2018-02-13T13:30:19Z,Will Deacon,False
linux,2018-02-13T13:22:57Z,Will Deacon,False
linux,2018-02-13T13:22:56Z,Will Deacon,False
linux,2018-02-02T14:56:19Z,Arnd Bergmann,False
linux,2018-02-05T22:15:04Z,mike.travis@hpe.com,False
linux,2018-02-01T11:37:21Z,Marcin Nowakowski,False
linux,2018-02-06T05:15:23Z,Progyan Bhattacharya,False
linux,2018-02-08T13:48:22Z,Leo Yan,False
linux,2018-02-06T03:13:21Z,Jaedon Shin,False
linux,2018-02-08T14:19:08Z,Masayoshi Mizuma,False
linux,2018-02-13T06:32:55Z,Harish,False
linux,2018-02-12T22:34:07Z,Guenter Roeck,False
linux,2018-02-12T22:34:08Z,Guenter Roeck,False
linux,2018-02-13T11:09:33Z,Aneesh Kumar K.V,False
linux,2018-02-11T15:00:08Z,Aneesh Kumar K.V,False
linux,2018-02-11T15:00:07Z,Aneesh Kumar K.V,False
linux,2018-02-11T15:00:06Z,Aneesh Kumar K.V,False
linux,2018-02-01T05:09:44Z,Alexey Kardashevskiy,False
linux,2018-02-08T09:18:38Z,Nicholas Piggin,False
linux,2018-02-12T00:19:29Z,Sam Bobroff,False
linux,2018-02-06T16:52:13Z,Peter Zijlstra,False
linux,2018-02-06T01:53:28Z,Wen Yang,False
linux,2018-02-06T01:55:48Z,Wen Yang,False
linux,2018-02-12T14:44:54Z,Jia Zhang,False
linux,2018-02-12T14:44:53Z,Jia Zhang,False
linux,2018-02-11T11:10:11Z,Dominik Brodowski,False
linux,2018-02-11T11:10:09Z,Dominik Brodowski,False
linux,2018-02-13T07:26:17Z,Ingo Molnar,False
linux,2018-02-11T20:59:24Z,Dominik Brodowski,False
linux,2018-02-11T11:10:10Z,Dominik Brodowski,False
linux,2018-02-12T20:13:18Z,Borislav Petkov,False
linux,2018-02-12T17:45:03Z,Josh Poimboeuf,False
linux,2018-02-11T10:49:48Z,Dominik Brodowski,False
linux,2018-02-11T10:49:47Z,Dominik Brodowski,False
linux,2018-02-11T10:49:46Z,Dominik Brodowski,False
linux,2018-02-11T10:49:45Z,Dominik Brodowski,False
linux,2018-02-11T10:49:44Z,Dominik Brodowski,False
linux,2018-02-11T10:49:43Z,Dominik Brodowski,False
linux,2018-02-11T10:49:42Z,Dominik Brodowski,False
linux,2018-02-13T08:03:08Z,Ingo Molnar,False
linux,2018-02-10T23:39:26Z,KarimAllah Ahmed,False
linux,2018-02-10T23:39:25Z,KarimAllah Ahmed,False
linux,2018-02-10T23:39:24Z,David Woodhouse,False
linux,2018-02-10T23:39:23Z,David Woodhouse,False
linux,2018-02-12T15:27:34Z,David Woodhouse,False
linux,2018-02-12T09:39:28Z,Chris Wilson,False
linux,2018-02-08T08:51:51Z,Chris Wilson,False
linux,2018-02-08T10:24:03Z,Chris Wilson,False
linux,2018-02-08T10:24:02Z,Chris Wilson,False
linux,2018-02-08T01:49:39Z,Guenter Roeck,False
linux,2018-01-11T02:33:57Z,Yixun Lan,False
linux,2017-12-18T10:27:13Z,Jerome Brunet,False
linux,2018-02-12T19:46:29Z,Hans de Goede,False
linux,2018-02-12T19:46:28Z,Hans de Goede,False
linux,2018-01-11T21:38:15Z,Roland Dreier,False
linux,2018-02-12T17:20:11Z,Jan Glauber,False
linux,2018-02-12T14:10:20Z,Mika Westerberg,False
linux,2018-02-12T14:10:19Z,Mika Westerberg,False
linux,2018-02-12T16:57:21Z,Linus Torvalds,False
linux,2018-02-12T13:42:36Z,Geert Uytterhoeven,False
linux,2018-02-12T13:40:00Z,Geert Uytterhoeven,False
linux,2018-02-12T11:02:52Z,Ingo van Lil,False
linux,2018-02-12T10:57:04Z,Ilya Lesokhin,False
linux,2018-02-12T10:31:24Z,Xin Long,False
linux,2018-02-12T10:29:51Z,Xin Long,False
linux,2018-02-12T10:29:06Z,Xin Long,False
linux,2018-02-12T09:15:40Z,Xin Long,False
linux,2018-02-10T08:43:49Z,Christoph Hellwig,False
linux,2018-02-02T08:51:14Z,Christoph Hellwig,False
linux,2018-02-02T08:21:07Z,Christoph Hellwig,False
linux,2018-02-08T19:39:20Z,Corentin Labbe,False
linux,2018-01-31T14:02:55Z,Andy Shevchenko,False
linux,2018-01-25T06:37:49Z,Dong Aisheng,False
linux,2018-02-12T01:16:15Z,Shanker Donthineni,False
linux,2018-02-12T10:34:22Z,Rafael J. Wysocki,False
linux,2018-02-10T08:57:38Z,Aishwarya Pant,False
linux,2018-02-10T08:57:19Z,Aishwarya Pant,False
linux,2018-02-10T18:13:58Z,Lukas Wunner,False
linux,2018-02-09T16:11:26Z,Tony Lindgren,False
linux,2018-02-07T13:34:36Z,Aishwarya Pant,False
linux,2018-01-30T13:23:21Z,Geert Uytterhoeven,False
linux,2018-02-09T12:21:42Z,Stefan Agner,False
linux,2018-02-12T09:51:33Z,Rafael J. Wysocki,False
linux,2018-01-18T14:17:57Z,Yixun Lan,False
linux,2018-02-09T15:38:36Z,Andy Shevchenko,False
linux,2018-02-09T15:38:35Z,Andy Shevchenko,False
linux,2018-02-09T15:38:34Z,Andy Shevchenko,False
linux,2018-02-09T15:38:33Z,Andy Shevchenko,False
linux,2018-01-26T08:48:49Z,Jia-Ju Bai,False
linux,2018-02-09T18:08:21Z,Gustavo A. R. Silva,False
linux,2018-02-09T21:55:28Z,Rafael J. Wysocki,False
linux,2018-01-16T12:04:24Z,Vardan Mikayelyan,False
linux,2018-01-16T12:03:58Z,Minas Harutyunyan,False
linux,2018-01-16T12:03:32Z,Minas Harutyunyan,False
linux,2018-02-11T23:14:42Z,Stefan Agner,False
linux,2018-02-05T08:12:35Z,Yoshihiro Shimoda,False
linux,2018-02-05T01:21:23Z,Ulf Magnusson,False
linux,2018-02-02T21:21:35Z,Thinh Nguyen,False
linux,2017-12-21T04:24:25Z,Manu Gautam,False
linux,2018-01-22T13:01:42Z,Roger Quadros,False
linux,2018-01-25T07:58:20Z,Jack Pham,False
linux,2018-01-24T08:11:53Z,Jack Pham,False
linux,2018-01-18T02:22:45Z,Fabio Estevam,False
linux,2018-01-18T11:24:30Z,Manu Gautam,False
linux,2018-01-17T21:22:49Z,Brian Norris,False
linux,2018-01-12T18:43:32Z,John Keeping,False
linux,2018-01-13T02:18:27Z,Thinh Nguyen,False
linux,2018-01-13T02:18:05Z,Thinh Nguyen,False
linux,2018-01-12T11:00:56Z,Yoshihiro Shimoda,False
linux,2017-12-18T15:14:36Z,Enric Balletbo i Serra,False
linux,2018-02-07T16:31:48Z,Yakir Yang,False
linux,2018-02-09T08:51:48Z,Shawn Lin,False
linux,2018-01-22T17:46:22Z,Kamil Trzciński,False
linux,2018-02-12T08:35:43Z,Takashi Iwai,False
linux,2018-02-11T13:50:27Z,Daniel Mack,False
linux,2018-01-29T05:37:55Z,Kirill Marinushkin,False
linux,2018-01-31T17:39:12Z,Matthias Lange,False
linux,2018-02-09T14:51:36Z,Lassi Ylikojola,False
linux,2018-02-08T23:15:36Z,Ulf Magnusson,False
linux,2018-02-11T23:10:28Z,Mikulas Patocka,False
linux,2018-02-11T03:28:12Z,Jason Wang,False
linux,2018-02-11T23:04:29Z,Linus Torvalds,False
linux,2018-02-01T20:13:18Z,Al Viro,False
linux,2018-02-11T22:34:03Z,Linus Torvalds,False
linux,2018-02-11T21:57:19Z,Linus Torvalds,False
linux,2018-02-11T21:54:52Z,Linus Torvalds,False
linux,2018-02-11T21:52:32Z,Linus Torvalds,False
linux,2018-02-11T09:07:54Z,Max Filippov,False
linux,2018-02-11T15:01:17Z,Krzysztof Kozlowski,False
linux,2018-02-11T14:59:18Z,Mathieu Malaterre,False
linux,2018-02-09T16:01:14Z,Juri Lelli,False
linux,2018-02-10T11:36:29Z,Ingo Molnar,False
linux,2018-02-10T00:51:03Z,Randy Dunlap,False
linux,2018-02-10T14:53:14Z,Borislav Petkov,False
linux,2018-02-11T10:33:33Z,Ingo Molnar,False
linux,2018-02-10T23:39:22Z,David Woodhouse,False
linux,2018-02-06T14:48:30Z,James Smart,False
linux,2018-02-06T14:48:29Z,James Smart,False
linux,2018-02-10T22:08:26Z,Linus Torvalds,False
linux,2018-02-10T22:05:11Z,Linus Torvalds,False
linux,2018-02-10T21:55:33Z,Linus Torvalds,False
linux,2018-02-10T21:50:23Z,Linus Torvalds,False
linux,2018-02-10T21:16:35Z,Linus Torvalds,False
linux,2018-02-09T06:23:58Z,Alexey Kardashevskiy,False
linux,2018-02-09T20:30:56Z,Mathieu Desnoyers,False
linux,2018-02-09T17:06:38Z,Nadav Amit,False
linux,2018-02-10T03:32:41Z,Linus Torvalds,False
linux,2018-02-10T01:35:16Z,Al Viro,False
linux,2018-02-10T03:22:17Z,Linus Torvalds,False
linux,2018-02-08T16:19:08Z,Masahiro Yamada,False
linux,2018-02-08T16:19:07Z,Masahiro Yamada,False
linux,2018-02-09T23:59:32Z,Vadim Pasternak,False
linux,2018-02-09T23:59:31Z,Vadim Pasternak,False
linux,2018-02-09T23:59:30Z,Vadim Pasternak,False
linux,2018-02-09T23:34:18Z,Linus Torvalds,False
linux,2018-02-09T22:55:30Z,Linus Torvalds,False
linux,2018-02-09T22:49:46Z,Linus Torvalds,False
linux,2018-02-09T22:47:09Z,Linus Torvalds,False
linux,2018-02-09T22:42:57Z,Linus Torvalds,False
linux,2018-02-09T22:40:16Z,Linus Torvalds,False
linux,2018-02-09T20:36:57Z,Radim Krčmář,False
linux,2018-02-02T17:26:58Z,Radim Krčmář,False
linux,2018-02-09T19:19:46Z,John Allen,False
linux,2018-02-09T13:49:44Z,Daniel Borkmann,False
linux,2018-02-09T14:35:23Z,Alexey Kodanev,False
linux,2018-02-09T19:30:23Z,David S. Miller,False
linux,2018-02-09T10:03:50Z,Julian Wiedmann,False
linux,2018-02-09T10:03:49Z,Ursula Braun,False
linux,2018-02-09T09:45:50Z,Jason Wang,False
linux,2018-02-09T09:45:49Z,Jason Wang,False
linux,2018-02-09T19:23:04Z,David S. Miller,False
linux,2018-02-09T16:22:47Z,Niklas Cassel,False
linux,2018-02-09T16:22:46Z,Niklas Cassel,False
linux,2018-02-09T16:22:45Z,Niklas Cassel,False
linux,2018-02-09T17:41:09Z,Thomas Falcon,False
linux,2018-02-09T19:05:10Z,David S. Miller,False
linux,2018-01-22T21:02:05Z,Greg Kurz,False
linux,2018-02-09T18:07:39Z,Linus Torvalds,False
linux,2018-02-09T17:58:37Z,Linus Torvalds,False
linux,2018-02-09T17:44:25Z,Linus Torvalds,False
linux,2018-02-09T17:40:33Z,Linus Torvalds,False
linux,2018-02-09T14:39:42Z,Trond Myklebust,False
linux,2018-02-09T13:43:49Z,Tomi Valkeinen,False
linux,2018-02-08T13:02:32Z,Peter Zijlstra,False
linux,2018-02-08T13:02:32Z,Peter Zijlstra,False
linux,2018-02-03T20:24:26Z,Jose Ricardo Ziviani,False
linux,2018-02-08T17:38:53Z,Alexander Graf,False
linux,2018-02-02T03:29:08Z,David Gibson,False
linux,2018-02-07T08:49:54Z,Paul Mackerras,False
linux,2018-02-02T08:45:47Z,Vadim Pasternak,False
linux,2018-02-02T08:45:46Z,Vadim Pasternak,False
linux,2018-02-02T08:45:45Z,Vadim Pasternak,False
linux,2018-02-07T09:12:04Z,Geert Uytterhoeven,False
linux,2018-02-08T23:26:18Z,Daniel Borkmann,False
linux,2018-02-08T11:48:32Z,Jesper Dangaard Brouer,False
linux,2018-02-08T11:48:27Z,Jesper Dangaard Brouer,False
linux,2018-02-08T11:48:22Z,Jesper Dangaard Brouer,False
linux,2018-02-08T11:48:17Z,Jesper Dangaard Brouer,False
linux,2018-02-08T11:48:12Z,Jesper Dangaard Brouer,False
linux,2018-02-08T23:18:32Z,Linus Torvalds,False
linux,2018-02-08T09:46:01Z,Kai-Heng Feng,False
linux,2018-02-08T22:39:29Z,Linus Torvalds,False
linux,2018-02-08T22:37:32Z,Linus Torvalds,False
linux,2017-06-29T13:25:36Z,Olga Kornievskaia,False
linux,2018-02-08T20:01:48Z,Heiner Kallweit,False
linux,2018-02-08T19:21:05Z,Dean Nelson,False
linux,2018-02-08T20:32:25Z,David S. Miller,False
linux,2018-02-08T16:16:25Z,Hoang Le,False
linux,2018-02-08T15:10:39Z,Ivan Vecera,False
linux,2018-02-08T06:34:24Z,Dan Williams,False
linux,2018-02-03T12:26:51Z,Sowmini Varadhan,False
linux,2018-02-08T20:20:41Z,Linus Torvalds,False
linux,2018-02-08T01:44:38Z,Kees Cook,False
linux,2018-02-07T19:35:00Z,Mathieu Malaterre,False
linux,2018-02-08T20:12:04Z,Linus Torvalds,False
linux,2018-02-07T19:00:24Z,Nathan Fontenot,False
linux,2018-02-07T16:17:29Z,Gustavo A. R. Silva,False
linux,2018-02-08T20:03:54Z,Linus Torvalds,False
linux,2018-02-08T19:48:49Z,Linus Torvalds,False
linux,2018-02-08T19:42:05Z,Linus Torvalds,False
linux,2018-02-08T19:38:59Z,Linus Torvalds,False
linux,2018-02-08T03:08:08Z,Nicolas Pitre,False
linux,2018-02-07T12:53:20Z,Christian Brauner,False
linux,2018-02-07T09:14:46Z,Jason Wang,False
linux,2018-02-06T00:34:41Z,Masahiro Yamada,False
linux,2018-02-08T05:56:40Z,Masahiro Yamada,False
linux,2018-02-08T05:56:39Z,Masahiro Yamada,False
linux,2018-02-06T00:34:45Z,Masahiro Yamada,False
linux,2018-02-06T00:34:43Z,Masahiro Yamada,False
linux,2018-02-06T00:34:42Z,Masahiro Yamada,False
linux,2018-02-06T13:48:32Z,Nicolas Dichtel,False
linux,2018-02-08T15:59:07Z,David Howells,False
linux,2018-02-08T18:44:25Z,Linus Torvalds,False
linux,2018-02-08T18:41:00Z,Linus Torvalds,False
linux,2018-02-02T19:28:59Z,Chuck Lever,False
linux,2018-01-22T21:09:12Z,Arnd Bergmann,False
linux,2018-01-03T15:14:35Z,Amir Goldstein,False
linux,2018-01-03T15:14:34Z,Amir Goldstein,False
linux,2017-11-15T17:30:27Z,J. Bruce Fields,False
linux,2018-02-08T18:36:05Z,Linus Torvalds,False
linux,2018-02-08T17:28:49Z,Kalle Valo,False
linux,2018-02-01T00:01:58Z,Keith Busch,False
linux,2018-01-31T16:31:26Z,Max Gurtovoy,False
linux,2018-01-31T16:31:25Z,Max Gurtovoy,False
linux,2018-01-31T16:31:24Z,Max Gurtovoy,False
linux,2018-02-06T22:28:36Z,Steven Rostedt (VMware),False
linux,2018-02-06T22:19:03Z,Steven Rostedt (VMware),False
linux,2018-02-06T22:15:02Z,Steven Rostedt (VMware),False
linux,2018-02-06T22:10:12Z,Steven Rostedt (VMware),False
linux,2018-02-06T03:18:11Z,Steven Rostedt (VMware),False
linux,2018-02-06T03:05:31Z,Steven Rostedt (VMware),False
linux,2018-02-08T15:01:28Z,David S. Miller,False
linux,2018-02-08T04:55:26Z,Jakub Kicinski,False
linux,2018-02-08T04:55:25Z,Jakub Kicinski,False
linux,2018-02-08T04:55:24Z,Jakub Kicinski,False
linux,2018-02-08T04:55:23Z,Jakub Kicinski,False
linux,2018-02-08T04:55:22Z,Jakub Kicinski,False
linux,2018-01-19T15:40:49Z,Paul Burton,False
linux,2018-01-19T15:40:48Z,Paul Burton,False
linux,2018-02-04T17:45:21Z,Adam Borowski,False
linux,2018-02-07T06:35:51Z,Balbir Singh,False
linux,2018-02-07T01:20:02Z,Nicholas Piggin,False
linux,2018-01-30T15:11:44Z,Colin Ian King,False
linux,2018-02-03T07:17:50Z,Nicholas Piggin,False
linux,2018-02-06T12:36:37Z,Madhavan Srinivasan,False
linux,2018-01-26T19:41:59Z,Nathan Fontenot,False
linux,2018-02-08T05:59:17Z,Cong Wang,False
linux,2018-02-07T13:51:23Z,Ryan Hsu,False
linux,2018-02-06T21:20:22Z,Artem Savkov,False
linux,2018-02-06T21:20:21Z,Artem Savkov,False
linux,2018-02-05T09:15:52Z,Horia Geantă,False
linux,2018-02-01T10:22:00Z,Geert Uytterhoeven,False
linux,2018-02-01T10:21:59Z,Geert Uytterhoeven,False
linux,2018-02-01T10:21:58Z,Geert Uytterhoeven,False
linux,2018-01-27T09:18:32Z,Ard Biesheuvel,False
linux,2018-01-26T16:09:59Z,LEROY Christophe,False
linux,2018-01-24T08:31:27Z,Eric Biggers,False
linux,2018-01-31T08:16:56Z,Michal Hocko,False
linux,2018-02-08T10:59:51Z,Daniel Borkmann,False
linux,2018-02-08T04:27:17Z,Quentin Monnet,False
linux,2018-02-08T04:27:16Z,Quentin Monnet,False
linux,2018-02-08T04:27:15Z,Quentin Monnet,False
linux,2018-02-08T04:27:14Z,Quentin Monnet,False
linux,2018-02-08T04:27:13Z,Quentin Monnet,False
linux,2018-02-08T04:27:12Z,Jakub Kicinski,False
linux,2018-02-08T10:27:19Z,Rafael J. Wysocki,False
linux,2018-02-08T10:26:38Z,Rafael J. Wysocki,False
linux,2018-02-08T10:26:07Z,Rafael J. Wysocki,False
linux,2018-02-06T11:49:58Z,Jesper Nilsson,False
linux,2018-02-07T20:47:40Z,Simon Gaiser,False
linux,2018-02-08T09:22:12Z,Rafael J. Wysocki,False
linux,2018-01-30T09:55:26Z,Nicolas Chauvet,False
linux,2018-01-30T05:42:37Z,Dominik Brodowski,False
linux,2018-01-29T02:27:57Z,Chen Yu,False
linux,2018-01-23T02:09:02Z,Wei Yongjun,False
linux,2018-01-19T09:06:03Z,Greg Kroah-Hartman,False
linux,2018-02-05T01:21:20Z,Ulf Magnusson,False
linux,2018-02-05T01:21:14Z,Ulf Magnusson,False
linux,2018-02-07T04:50:23Z,Song Liu,False
linux,2018-02-07T04:14:18Z,Md. Islam,False
linux,2018-02-07T01:17:06Z,Grygorii Strashko,False
linux,2018-02-06T23:25:23Z,Thomas Falcon,False
linux,2018-02-06T22:21:49Z,John Allen,False
linux,2018-02-06T21:15:20Z,Amritha Nambiar,False
linux,2018-02-06T21:17:06Z,David Ahern,False
linux,2018-02-06T20:14:12Z,David Ahern,False
linux,2018-02-06T19:34:23Z,Shannon Nelson,False
linux,2018-02-06T16:44:12Z,David Howells,False
linux,2018-02-06T20:17:17Z,Christophe JAILLET,False
linux,2018-02-06T12:58:49Z,Trond Myklebust,False
linux,2018-02-07T18:15:34Z,Naresh Kamboju,False
linux,2018-02-07T22:54:25Z,Jens Axboe,False
linux,2018-02-07T22:54:20Z,Jens Axboe,False
linux,2018-02-07T22:29:34Z,Linus Torvalds,False
linux,2018-02-07T22:25:22Z,Linus Torvalds,False
linux,2018-02-07T22:23:06Z,Linus Torvalds,False
linux,2018-02-07T22:21:37Z,Dave Airlie,False
linux,2018-02-07T21:19:20Z,Paolo Valente,False
linux,2018-02-07T21:17:07Z,Linus Torvalds,False
linux,2018-02-07T21:10:43Z,Linus Torvalds,False
linux,2018-02-07T20:47:23Z,Linus Torvalds,False
linux,2018-01-18T15:33:10Z,Jani Nikula,False
linux,2018-02-07T20:11:09Z,Linus Torvalds,False
linux,2018-02-07T19:54:27Z,Dave Airlie,False
linux,2018-02-07T19:54:34Z,Linus Torvalds,False
linux,2018-02-07T19:41:46Z,Tang Junhui,False
linux,2018-02-07T19:41:45Z,Tang Junhui,False
linux,2018-02-07T19:41:44Z,Coly Li,False
linux,2018-02-07T19:41:43Z,Tang Junhui,False
linux,2018-02-07T19:41:42Z,Coly Li,False
linux,2018-02-07T19:41:41Z,Coly Li,False
linux,2018-02-07T19:41:40Z,Tang Junhui,False
linux,2018-02-07T19:41:39Z,Tang Junhui,False
linux,2018-02-07T19:33:08Z,Linus Torvalds,False
linux,2018-02-07T19:31:05Z,Linus Torvalds,False
linux,2018-02-07T19:22:44Z,Linus Torvalds,False
linux,2018-02-07T18:55:20Z,David S. Miller,False
linux,2018-02-07T17:42:59Z,Linus Torvalds,False
linux,2018-02-05T20:46:18Z,Steve French,False
linux,2018-02-04T01:45:07Z,Steve French,False
linux,2018-02-02T15:48:47Z,Arnd Bergmann,False
linux,2018-01-31T20:34:37Z,Steve French,False
linux,2018-02-03T07:44:58Z,Julia Lawall,False
linux,2018-01-26T11:46:47Z,Martin Schwidefsky,False
linux,2018-02-01T09:48:52Z,Julia Lawall,False
linux,2018-02-07T14:13:04Z,Trond Myklebust,False
linux,2018-01-30T12:06:11Z,Oleksij Rempel,False
linux,2018-01-30T12:06:08Z,Yu Wang,False
linux,2018-01-30T12:06:07Z,Wojciech Dubowik,False
linux,2018-01-30T12:06:05Z,Tobias Schramm,False
linux,2018-01-30T12:06:02Z,Tobias Schramm,False
linux,2018-01-30T12:06:01Z,Yu Wang,False
linux,2018-02-05T18:38:11Z,Larry Finger,False
linux,2018-02-07T11:25:47Z,Mark Brown,False
linux,2018-02-07T11:25:44Z,Mark Brown,False
linux,2018-02-07T11:25:41Z,Mark Brown,False
linux,2018-02-07T11:24:21Z,Mark Brown,False
linux,2018-02-07T11:23:48Z,Mark Brown,False
linux,2018-02-07T11:21:02Z,Mark Brown,False
linux,2018-02-05T10:49:45Z,Olivier Moysan,False
linux,2018-02-02T14:56:18Z,Arnd Bergmann,False
linux,2018-01-31T05:59:21Z,Johan Hovold,False
linux,2018-02-05T05:00:00Z,KaiChieh Chuang,False
linux,2018-01-23T20:43:08Z,Ulf Hansson,False
linux,2018-02-07T08:49:02Z,Felix Fietkau,False
linux,2018-02-07T02:50:41Z,Taehee Yoo,False
linux,2018-01-22T14:41:07Z,Sudeep Holla,False
linux,2018-01-22T16:05:46Z,Andy Shevchenko,False
linux,2018-01-22T16:05:45Z,Andy Shevchenko,False
linux,2018-01-22T16:05:44Z,Andy Shevchenko,False
linux,2018-01-22T16:05:43Z,Andy Shevchenko,False
linux,2018-01-18T20:02:02Z,Corentin LABBE,False
linux,2018-01-18T15:09:51Z,Prarit Bhargava,False
linux,2018-01-18T10:21:30Z,Akshu Agrawal,False
linux,2018-02-06T23:36:17Z,Gustavo A. R. Silva,False
linux,2018-02-06T06:37:12Z,Shunyong Yang,False
linux,2018-02-07T06:15:42Z,Linus Torvalds,False
linux,2018-02-02T07:26:46Z,Kailang Yang,False
linux,2018-02-02T07:13:09Z,Kailang Yang,False
linux,2018-01-29T06:23:15Z,Hui Wang,False
linux,2018-02-07T03:57:31Z,Linus Torvalds,False
linux,2018-02-07T03:56:00Z,Linus Torvalds,False
linux,2018-02-07T03:28:19Z,Linus Torvalds,False
linux,2018-02-07T03:00:42Z,Linus Torvalds,False
linux,2018-02-06T23:42:44Z,Kangmin Park,False
linux,2018-02-06T23:42:41Z,Joe Perches,False
linux,2018-02-06T23:42:37Z,Joe Perches,False
linux,2018-02-06T23:42:33Z,Joe Perches,False
linux,2018-02-06T23:42:30Z,Joe Perches,False
linux,2018-02-06T23:42:26Z,Joe Perches,False
linux,2018-02-06T23:42:23Z,Joe Perches,False
linux,2018-02-06T23:42:19Z,Mike Rapoport,False
linux,2018-02-06T23:42:16Z,Mike Rapoport,False
linux,2018-02-06T23:42:13Z,Mike Rapoport,False
linux,2018-02-06T23:42:08Z,Eric Biggers,False
linux,2018-02-06T23:42:05Z,Eric Biggers,False
linux,2018-02-06T23:42:00Z,Eric Biggers,False
linux,2018-02-06T23:41:56Z,Eric Biggers,False
linux,2018-02-06T23:41:53Z,Eric Biggers,False
linux,2018-02-06T23:41:49Z,Eric Biggers,False
linux,2018-02-06T23:41:45Z,Eric Biggers,False
linux,2018-02-06T23:41:41Z,Arnd Bergmann,False
linux,2018-02-06T23:41:38Z,Yaowei Bai,False
linux,2018-02-06T23:41:35Z,Yaowei Bai,False
linux,2018-02-06T23:41:31Z,Yaowei Bai,False
linux,2018-02-06T23:41:28Z,Yaowei Bai,False
linux,2018-02-06T23:41:24Z,Yaowei Bai,False
linux,2018-02-06T23:41:21Z,Yaowei Bai,False
linux,2018-02-06T23:41:18Z,Yaowei Bai,False
linux,2018-02-06T23:41:13Z,Sergey Senozhatsky,False
linux,2018-02-06T23:41:10Z,Sergey Senozhatsky,False
linux,2018-02-06T23:41:06Z,Sergey Senozhatsky,False
linux,2018-02-06T23:41:03Z,Pravin Shedge,False
linux,2018-02-06T23:40:59Z,Shakeel Butt,False
linux,2018-02-06T23:40:56Z,Markus Elfring,False
linux,2018-02-06T23:40:52Z,Jonathan Haws,False
linux,2018-02-06T23:40:49Z,Philippe Mikoyan,False
linux,2018-02-06T23:40:45Z,Andrey Ryabinin,False
linux,2018-02-06T23:40:42Z,Andrey Ryabinin,False
linux,2018-02-06T23:40:38Z,Andrew Morton,False
linux,2018-02-06T23:40:35Z,Masahiro Yamada,False
linux,2018-02-06T23:40:31Z,Masahiro Yamada,False
linux,2018-02-06T23:40:28Z,Dmitry Vyukov,False
linux,2018-02-06T23:40:24Z,Eric Biggers,False
linux,2018-02-06T23:40:21Z,Arnd Bergmann,False
linux,2018-02-06T23:40:17Z,Mike Rapoport,False
linux,2018-02-06T23:40:13Z,Markus Elfring,False
linux,2018-02-06T23:40:10Z,Markus Elfring,False
linux,2018-02-06T23:40:06Z,Markus Elfring,False
linux,2018-02-06T23:40:01Z,Markus Elfring,False
linux,2018-02-06T23:39:58Z,Markus Elfring,False
linux,2018-02-06T23:39:55Z,Markus Elfring,False
linux,2018-02-06T23:39:51Z,Markus Elfring,False
linux,2018-02-06T23:39:48Z,Markus Elfring,False
linux,2018-02-06T23:39:44Z,Markus Elfring,False
linux,2018-02-06T23:39:41Z,Markus Elfring,False
linux,2018-02-06T23:39:37Z,Alexey Dobriyan,False
linux,2018-02-06T23:39:34Z,Marcos Paulo de Souza,False
linux,2018-02-06T23:39:30Z,Marcos Paulo de Souza,False
linux,2018-02-06T23:39:27Z,Randy Dunlap,False
linux,2018-02-06T23:49:02Z,Ernesto A. Fernandez,False
linux,2018-02-06T23:39:21Z,Arnd Bergmann,False
linux,2018-02-06T23:39:18Z,Huacai Chen,False
linux,2018-02-06T23:39:13Z,Alexey Dobriyan,False
linux,2018-02-06T23:39:09Z,Joe Perches,False
linux,2018-02-06T23:39:06Z,Joe Perches,False
linux,2018-02-06T23:39:03Z,Joe Perches,False
linux,2018-02-06T23:38:59Z,Joe Perches,False
linux,2018-02-06T23:38:55Z,Joe Perches,False
linux,2018-02-06T23:38:52Z,Joe Perches,False
linux,2018-02-06T23:38:49Z,Joe Perches,False
linux,2018-02-06T23:38:45Z,Andreas Brauchli,False
linux,2018-02-06T23:38:42Z,Pravin Shedge,False
linux,2018-02-06T23:38:38Z,Vincent Legoll,False
linux,2018-02-06T23:38:34Z,Clement Courbet,False
linux,2018-02-06T23:38:31Z,Yury Norov,False
linux,2018-02-06T23:38:27Z,Yury Norov,False
linux,2018-02-06T23:38:24Z,Alexander Potapenko,False
linux,2018-02-06T23:38:20Z,Andy Shevchenko,False
linux,2018-02-06T23:38:17Z,Andy Shevchenko,False
linux,2018-02-06T23:38:13Z,Andy Shevchenko,False
linux,2018-02-06T23:38:10Z,Andy Shevchenko,False
linux,2018-02-06T23:38:06Z,Yury Norov,False
linux,2018-02-06T23:38:02Z,Yury Norov,False
linux,2018-02-06T23:37:59Z,Stephen Boyd,False
linux,2018-02-06T23:37:55Z,Rasmus Villemoes,False
linux,2018-02-06T23:37:52Z,Sergey Senozhatsky,False
linux,2018-02-06T23:37:48Z,Alexey Dobriyan,False
linux,2018-02-06T23:37:45Z,Kees Cook,False
linux,2018-02-06T23:37:41Z,Kees Cook,False
linux,2018-02-06T23:37:38Z,Kees Cook,False
linux,2018-02-06T23:37:34Z,Markus Elfring,False
linux,2018-02-06T23:37:31Z,Alexey Dobriyan,False
linux,2018-02-06T23:37:28Z,Alexey Dobriyan,False
linux,2018-02-06T23:37:24Z,Alexey Dobriyan,False
linux,2018-02-06T23:37:21Z,Alexey Dobriyan,False
linux,2018-02-06T23:37:18Z,Alexey Dobriyan,False
linux,2018-02-06T23:37:13Z,Heiko Carstens,False
linux,2018-02-06T23:37:10Z,Alexey Dobriyan,False
linux,2018-02-06T23:37:06Z,Alexey Dobriyan,False
linux,2018-02-06T23:37:02Z,Alexey Dobriyan,False
linux,2018-02-06T23:36:59Z,Alexey Dobriyan,False
linux,2018-02-06T23:36:55Z,Alexey Dobriyan,False
linux,2018-02-06T23:36:51Z,Alexey Dobriyan,False
linux,2018-02-06T23:36:48Z,Colin Ian King,False
linux,2018-02-06T23:36:44Z,Andrey Konovalov,False
linux,2018-02-06T23:36:41Z,Andrey Konovalov,False
linux,2018-02-06T23:36:37Z,Dmitry Vyukov,False
linux,2018-02-06T23:36:34Z,Dmitry Vyukov,False
linux,2018-02-06T23:36:30Z,Dmitry Vyukov,False
linux,2018-02-06T23:36:27Z,Dmitry Vyukov,False
linux,2018-02-06T23:36:23Z,Dmitry Vyukov,False
linux,2018-02-06T23:36:20Z,Alexander Potapenko,False
linux,2018-02-06T23:36:16Z,Paul Lawrence,False
linux,2018-02-06T23:36:11Z,Paul Lawrence,False
linux,2018-02-06T23:36:08Z,Andrey Ryabinin,False
linux,2018-02-06T23:36:03Z,Paul Lawrence,False
linux,2018-02-06T23:36:00Z,Andrey Konovalov,False
linux,2018-02-06T23:46:51Z,Sodagudi Prasad,False
linux,2018-02-06T12:22:47Z,Pablo Neira Ayuso,False
linux,2018-02-06T12:22:44Z,Pablo Neira Ayuso,False
linux,2018-02-05T22:41:45Z,Cong Wang,False
linux,2018-02-06T16:51:19Z,Konstantin Ryabitsev,False
linux,2018-02-06T23:30:52Z,Linus Torvalds,False
linux,2018-01-24T00:33:46Z,Bart Van Assche,False
linux,2018-02-06T23:04:58Z,Linus Torvalds,False
linux,2018-02-06T17:56:21Z,Marc Zyngier,False
linux,2018-02-06T17:56:20Z,Marc Zyngier,False
linux,2018-02-06T17:56:19Z,Marc Zyngier,False
linux,2018-02-06T17:56:18Z,Marc Zyngier,False
linux,2018-02-06T17:56:17Z,Marc Zyngier,False
linux,2018-02-06T17:56:16Z,Marc Zyngier,False
linux,2018-02-06T17:56:15Z,Marc Zyngier,False
linux,2018-02-06T17:56:14Z,Marc Zyngier,False
linux,2018-02-06T17:56:13Z,Marc Zyngier,False
linux,2018-02-06T17:56:12Z,Marc Zyngier,False
linux,2018-02-06T17:56:11Z,Marc Zyngier,False
linux,2018-02-06T17:56:10Z,Marc Zyngier,False
linux,2018-02-06T17:56:09Z,Marc Zyngier,False
linux,2018-02-06T17:56:08Z,Marc Zyngier,False
linux,2018-02-06T17:56:07Z,Marc Zyngier,False
linux,2018-02-06T17:56:06Z,Marc Zyngier,False
linux,2018-02-06T17:56:05Z,Marc Zyngier,False
linux,2018-02-02T17:31:40Z,Will Deacon,False
linux,2018-02-02T17:31:39Z,Will Deacon,False
linux,2018-02-05T15:34:24Z,Will Deacon,False
linux,2018-02-05T15:34:23Z,Will Deacon,False
linux,2018-02-05T15:34:22Z,Will Deacon,False
linux,2018-02-05T15:34:21Z,Will Deacon,False
linux,2018-02-05T15:34:20Z,Will Deacon,False
linux,2018-02-05T15:34:19Z,Robin Murphy,False
linux,2018-02-05T15:34:18Z,Robin Murphy,False
linux,2018-02-05T15:34:17Z,Robin Murphy,False
linux,2018-02-05T15:34:16Z,Will Deacon,False
linux,2018-01-29T12:00:00Z,Will Deacon,False
linux,2018-01-29T11:59:59Z,Will Deacon,False
linux,2018-01-29T11:59:58Z,Will Deacon,False
linux,2018-01-29T11:59:57Z,Will Deacon,False
linux,2018-01-29T11:59:56Z,Marc Zyngier,False
linux,2018-02-06T22:22:50Z,Will Deacon,False
linux,2018-01-29T11:59:54Z,Will Deacon,False
linux,2018-01-29T11:59:53Z,Will Deacon,False
linux,2018-01-29T11:59:52Z,Shanker Donthineni,False
linux,2018-01-31T12:12:20Z,Will Deacon,False
linux,2018-02-06T11:08:10Z,Bartosz Golaszewski,False
linux,2018-01-02T00:04:56Z,Stephen Rothwell,False
linux,2018-02-06T22:05:39Z,Howard McLauchlan,False
linux,2018-02-06T20:05:49Z,Matthew Wilcox,False
linux,2017-11-30T18:45:11Z,Matthew Wilcox,False
linux,2017-11-28T20:50:12Z,Matthew Wilcox,False
linux,2017-11-28T20:39:51Z,Matthew Wilcox,False
linux,2017-11-28T20:16:24Z,Matthew Wilcox,False
linux,2017-11-28T18:45:02Z,Matthew Wilcox,False
linux,2017-11-28T17:05:54Z,Matthew Wilcox,False
linux,2017-11-28T15:53:03Z,Matthew Wilcox,False
linux,2017-11-28T15:46:29Z,Matthew Wilcox,False
linux,2017-11-28T15:36:09Z,Matthew Wilcox,False
linux,2018-02-06T21:37:52Z,Matthew Wilcox,False
linux,2017-11-28T15:28:15Z,Matthew Wilcox,False
linux,2017-11-28T15:14:27Z,Matthew Wilcox,False
linux,2017-11-28T15:01:24Z,Matthew Wilcox,False
linux,2017-11-28T14:56:36Z,Matthew Wilcox,False
linux,2017-11-28T14:48:43Z,Matthew Wilcox,False
linux,2018-02-06T14:01:26Z,Martin Brandenburg,False
linux,2018-02-06T14:01:25Z,Martin Brandenburg,False
linux,2018-01-25T19:43:28Z,Mike Marshall,False
linux,2018-01-08T12:22:33Z,Xiongfeng Wang,False
linux,2018-01-26T19:07:14Z,Martin Brandenburg,False
linux,2018-01-26T19:07:13Z,Martin Brandenburg,False
linux,2018-01-26T19:07:12Z,Martin Brandenburg,False
linux,2018-01-26T19:07:11Z,Martin Brandenburg,False
linux,2018-02-01T18:06:34Z,Martin Brandenburg,False
linux,2018-02-05T20:16:56Z,Jens Axboe,False
linux,2018-02-06T21:06:27Z,Trond Myklebust,False
linux,2018-02-06T20:12:31Z,Ingo Molnar,False
linux,2017-11-28T19:27:14Z,Matthew Wilcox,False
linux,2017-11-10T01:15:14Z,Matthew Wilcox,False
linux,2017-11-04T03:06:32Z,Matthew Wilcox,False
linux,2018-01-25T22:25:24Z,Rodrigo Vivi,False
linux,2018-01-23T17:40:50Z,Rodrigo Vivi,False
linux,2018-02-05T16:04:38Z,Michal Srb,False
linux,2018-02-05T16:04:37Z,Michal Srb,False
linux,2018-01-30T14:29:38Z,Imre Deak,False
linux,2018-01-31T06:42:44Z,Tina Zhang,False
linux,2018-01-30T05:51:31Z,Changbin Du,False
linux,2018-01-26T07:09:08Z,Weinan Li,False
linux,2018-01-26T07:09:07Z,Weinan Li,False
linux,2018-02-06T19:27:48Z,Linus Torvalds,False
linux,2018-02-06T19:09:45Z,Linus Torvalds,False
linux,2018-02-06T18:41:33Z,Linus Torvalds,False
linux,2018-02-06T17:59:40Z,Linus Torvalds,False
linux,2018-02-06T17:55:12Z,Rafael J. Wysocki,False
linux,2018-02-05T05:19:24Z,Kai Heng Feng,False
linux,2018-02-06T16:48:40Z,David S. Miller,False
linux,2018-02-06T13:52:42Z,Suresh Reddy,False
linux,2018-02-06T13:52:41Z,Suresh Reddy,False
linux,2018-02-06T02:43:21Z,Guanglei Li,False
linux,2018-02-05T23:29:27Z,Jakub Kicinski,False
linux,2018-02-06T16:32:49Z,David S. Miller,False
linux,2018-02-05T21:35:36Z,William Tu,False
linux,2018-02-05T21:35:35Z,William Tu,False
linux,2018-02-05T21:35:34Z,William Tu,False
linux,2018-02-05T21:23:01Z,Paolo Abeni,False
linux,2018-02-05T20:10:01Z,Wolfram Sang,False
linux,2018-02-05T18:17:23Z,Andrew Lunn,False
linux,2018-02-06T12:54:28Z,Ralf Baechle,False
linux,2018-02-05T16:15:17Z,Ralf Baechle,False
linux,2018-02-05T15:40:00Z,Ralf Baechle,False
linux,2018-02-05T14:37:43Z,Ralf Baechle,False
linux,2018-02-06T12:45:36Z,Dan Carpenter,False
linux,2018-02-03T01:34:09Z,Stefano Stabellini,False
linux,2018-02-06T06:26:30Z,David Howells,False
linux,2018-02-06T06:26:30Z,David Howells,False
linux,2018-02-06T06:26:30Z,David Howells,False
linux,2018-02-06T14:12:32Z,David Howells,False
linux,2018-02-06T06:26:30Z,David Howells,False
linux,2018-02-06T06:26:30Z,David Howells,False
linux,2018-02-06T09:26:27Z,David Howells,False
linux,2018-02-06T01:18:17Z,Dan Williams,False
linux,2018-02-06T01:18:11Z,Dan Williams,False
linux,2018-02-06T10:39:32Z,Daniel Borkmann,False
linux,2018-02-05T18:17:54Z,John Fastabend,False
linux,2018-02-05T18:17:49Z,John Fastabend,False
linux,2018-02-05T18:17:43Z,John Fastabend,False
linux,2018-02-06T00:25:24Z,Yonghong Song,False
linux,2018-01-24T23:42:34Z,Bob Moore,False
linux,2018-01-04T18:06:38Z,Bob Moore,False
linux,2018-01-16T08:34:01Z,Peter Zijlstra,False
linux,2018-01-15T16:21:48Z,Peter Zijlstra,False
linux,2018-02-02T15:40:44Z,Arnd Bergmann,False
linux,2018-01-18T13:38:11Z,Peter Zijlstra,False
linux,2018-01-30T10:45:55Z,Mel Gorman,False
linux,2018-01-30T10:45:54Z,Mel Gorman,False
linux,2018-01-30T10:45:53Z,Mel Gorman,False
linux,2018-01-30T10:45:52Z,Mel Gorman,False
linux,2018-02-05T03:18:41Z,Wen Yang,False
linux,2018-01-24T01:45:38Z,Steven Rostedt (VMware),False
linux,2018-01-24T01:45:37Z,Steven Rostedt (VMware),False
linux,2018-01-23T19:34:30Z,Peter Zijlstra,False
linux,2018-01-16T19:51:06Z,Peter Zijlstra,False
linux,2018-01-11T09:36:38Z,Ross Lagerwall,False
linux,2018-01-11T09:36:37Z,Ross Lagerwall,False
linux,2018-02-01T12:40:19Z,Juergen Gross,False
linux,2018-02-06T01:18:05Z,Dan Williams,False
linux,2018-02-05T03:53:00Z,Shirish S,False
linux,2018-02-05T16:33:55Z,Desnes Augusto Nunes do Rosario,False
linux,2018-02-05T19:48:14Z,Tommi Rantala,False
linux,2018-02-05T12:10:35Z,Alexey Kodanev,False
linux,2018-02-06T01:27:46Z,Kees Cook,False
linux,2018-02-04T17:01:43Z,valdis.kletnieks@vt.edu,False
linux,2018-02-05T15:20:06Z,Trond Myklebust,False
linux,2018-01-17T21:25:59Z,J. Bruce Fields,False
linux,2018-01-12T22:42:30Z,Trond Myklebust,False
linux,2018-01-08T11:21:04Z,Christoph Hellwig,False
linux,2018-02-05T21:35:56Z,Linus Torvalds,False
linux,2018-02-05T21:25:47Z,Ingo Molnar,False
linux,2018-02-05T21:05:20Z,Linus Torvalds,False
linux,2018-01-29T20:20:20Z,Mathieu Desnoyers,False
linux,2018-01-29T20:20:19Z,Mathieu Desnoyers,False
linux,2018-01-29T20:20:18Z,Mathieu Desnoyers,False
linux,2018-01-29T20:20:17Z,Mathieu Desnoyers,False
linux,2018-01-29T20:20:16Z,Mathieu Desnoyers,False
linux,2018-01-29T20:20:15Z,Mathieu Desnoyers,False
linux,2018-01-29T20:20:14Z,Mathieu Desnoyers,False
linux,2018-01-29T20:20:13Z,Mathieu Desnoyers,False
linux,2018-01-29T20:20:12Z,Mathieu Desnoyers,False
linux,2018-01-29T20:20:11Z,Mathieu Desnoyers,False
linux,2018-01-29T20:20:10Z,Mathieu Desnoyers,False
linux,2018-02-05T20:33:04Z,Dave Airlie,False
linux,2018-02-05T20:31:01Z,Dave Airlie,False
linux,2018-02-05T19:55:38Z,Jens Axboe,False
linux,2018-02-05T18:07:40Z,Linus Torvalds,False
linux,2018-02-05T18:05:40Z,Linus Torvalds,False
linux,2018-02-05T17:51:15Z,Linus Torvalds,False
linux,2018-02-05T17:44:52Z,Linus Torvalds,False
linux,2018-02-05T12:54:36Z,Thierry Reding,False
linux,2018-02-05T12:47:50Z,Thierry Reding,False
linux,2018-02-05T12:47:49Z,Thierry Reding,False
linux,2018-02-04T22:24:30Z,Stephen Rothwell,False
linux,2018-02-05T01:21:31Z,Ulf Magnusson,False
linux,2018-01-30T05:30:52Z,Ravi Bangoria,False
linux,2018-01-30T05:30:53Z,Ravi Bangoria,False
linux,2018-02-01T08:38:12Z,Jiri Olsa,False
linux,2018-01-30T14:07:37Z,Nikolay Borisov,False
linux,2018-02-05T14:29:51Z,Max Gurtovoy,False
linux,2018-02-05T14:24:52Z,Sagi Grimberg,False
linux,2018-02-05T13:14:00Z,oulijun,False
linux,2018-02-01T08:38:11Z,Jiri Olsa,False
linux,2018-02-01T08:38:10Z,Jiri Olsa,False
linux,2018-02-05T03:31:27Z,Jie Deng,False
linux,2018-02-05T02:07:10Z,Tonghao Zhang,False
linux,2017-12-15T09:34:53Z,Matt Redfearn,False
linux,2018-01-05T10:31:07Z,Matt Redfearn,False
linux,2018-01-16T06:36:46Z,Martin Schwidefsky,False
linux,2018-01-29T11:26:45Z,Matt Redfearn,False
linux,2018-01-16T06:11:45Z,Martin Schwidefsky,False
linux,2018-01-16T06:03:44Z,Martin Schwidefsky,False
linux,2018-02-02T14:36:40Z,James Hogan,False
linux,2018-02-02T22:14:11Z,James Hogan,False
linux,2018-02-02T22:14:10Z,James Hogan,False
linux,2018-02-02T22:14:09Z,James Hogan,False
linux,2018-01-23T21:57:55Z,Bo Yan,False
linux,2018-01-30T11:54:45Z,Amir Goldstein,False
linux,2018-01-28T00:35:48Z,Amir Goldstein,False
linux,2018-01-26T11:01:55Z,Martin Schwidefsky,False
linux,2018-01-16T12:27:30Z,Martin Schwidefsky,False
linux,2018-01-29T11:55:29Z,Sebastian Ott,False
linux,2018-01-27T11:40:13Z,Heiko Carstens,False
linux,2018-02-03T06:37:15Z,Yonghong Song,False
linux,2018-02-04T21:46:58Z,David S. Miller,False
linux,2018-02-04T19:45:55Z,Linus Torvalds,False
linux,2018-02-04T19:43:30Z,Linus Torvalds,False
linux,2018-02-04T19:41:31Z,Linus Torvalds,False
linux,2018-02-04T19:16:35Z,Linus Torvalds,False
linux,2018-02-04T19:13:49Z,Linus Torvalds,False
linux,2018-02-04T19:11:23Z,Linus Torvalds,False
linux,2018-02-04T18:57:43Z,Linus Torvalds,False
linux,2018-02-04T18:43:12Z,Linus Torvalds,False
linux,2018-02-02T21:40:03Z,Jason Gunthorpe,False
linux,2018-02-02T21:35:29Z,Jason Gunthorpe,False
linux,2018-02-02T13:43:37Z,Rajneesh Bhardwaj,False
linux,2018-02-02T13:43:36Z,Rajneesh Bhardwaj,False
linux,2018-02-02T13:43:35Z,Rajneesh Bhardwaj,False
linux,2018-02-02T13:43:34Z,Srinivas Pandruvada,False
linux,2018-02-02T13:43:33Z,Srinivas Pandruvada,False
linux,2018-02-01T20:49:24Z,Andreas Klinger,False
linux,2018-01-29T20:22:49Z,Yazen Ghannam,False
linux,2018-01-29T05:40:36Z,Kai Heng Feng,False
linux,2018-01-29T02:26:46Z,Chen Yu,False
linux,2018-01-26T15:02:59Z,Hans de Goede,False
linux,2018-01-26T15:02:58Z,Hans de Goede,False
linux,2018-01-26T15:02:57Z,Hans de Goede,False
linux,2018-01-26T15:02:56Z,Hans de Goede,False
linux,2018-01-24T23:42:32Z,Jung-uk Kim,False
linux,2018-01-24T23:42:31Z,Jung-uk Kim,False
linux,2018-01-24T23:42:30Z,Jung-uk Kim,False
linux,2018-01-24T23:42:29Z,Anuj Mittal,False
linux,2018-01-23T15:59:20Z,Gustavo A. R. Silva,False
linux,2017-12-05T15:47:00Z,Georgi Djakov,False
linux,2017-12-05T15:46:57Z,Georgi Djakov,False
linux,2017-12-05T15:46:56Z,Georgi Djakov,False
linux,2018-02-04T00:25:42Z,Linus Torvalds,False
linux,2018-02-03T14:56:23Z,KarimAllah Ahmed,False
linux,2018-02-01T21:59:45Z,KarimAllah Ahmed,False
linux,2018-02-01T21:59:44Z,KarimAllah Ahmed,False
linux,2018-02-01T21:59:43Z,Ashok Raj,False
linux,2018-02-01T21:59:42Z,KarimAllah Ahmed,False
linux,2018-02-03T21:55:01Z,Linus Torvalds,False
linux,2018-02-03T21:49:22Z,Linus Torvalds,False
linux,2018-02-03T21:46:14Z,Linus Torvalds,False
linux,2018-02-03T21:44:29Z,Linus Torvalds,False
linux,2018-02-03T21:30:16Z,Thomas Gleixner,False
linux,2018-02-03T21:16:55Z,Linus Torvalds,False
linux,2018-02-03T21:14:41Z,Linus Torvalds,False
linux,2018-02-03T21:07:56Z,Linus Torvalds,False
linux,2018-02-03T21:01:19Z,Linus Torvalds,False
linux,2018-02-03T00:44:14Z,Linus Torvalds,False
linux,2018-02-03T10:25:20Z,Ard Biesheuvel,False
linux,2018-02-03T10:25:20Z,Jean Delvare,False
linux,2018-02-03T10:25:20Z,Jean Delvare,False
linux,2018-02-03T10:25:20Z,Jean Delvare,False
linux,2018-02-01T20:44:12Z,Corentin Labbe,False
linux,2018-02-01T20:44:11Z,Corentin Labbe,False
linux,2018-02-01T20:44:10Z,Corentin Labbe,False
linux,2018-02-03T07:26:26Z,Ross Zwisler,False
linux,2018-02-03T07:26:10Z,Ross Zwisler,False
linux,2018-01-30T17:47:07Z,Colin Ian King,False
linux,2018-02-03T01:53:49Z,Alexei Starovoitov,False
linux,2018-01-30T20:55:04Z,Eric Leblond,False
linux,2018-01-30T20:55:03Z,Eric Leblond,False
linux,2018-01-30T20:55:02Z,Eric Leblond,False
linux,2018-01-30T20:55:01Z,Eric Leblond,False
linux,2018-01-30T20:55:00Z,Eric Leblond,False
linux,2018-02-02T15:26:57Z,Roman Gushchin,False
linux,2018-02-02T23:14:05Z,Alexei Starovoitov,False
linux,2018-02-02T18:27:27Z,Eric Dumazet,False
linux,2018-02-02T15:45:44Z,Arnd Bergmann,False
linux,2018-02-02T15:44:47Z,Arnd Bergmann,False
linux,2018-02-02T15:18:37Z,Arnd Bergmann,False
linux,2018-02-02T15:02:22Z,Paolo Abeni,False
linux,2018-02-03T00:19:00Z,David S. Miller,False
linux,2018-02-02T08:43:36Z,Hayes Wang,False
linux,2018-02-02T08:43:35Z,Hayes Wang,False
linux,2018-02-02T03:41:43Z,Edwin Peer,False
linux,2018-02-02T22:57:44Z,Linus Torvalds,False
linux,2018-02-02T14:56:18Z,Arnd Bergmann,False
linux,2018-02-02T14:56:17Z,Arnd Bergmann,False
linux,2018-02-02T22:22:53Z,Linus Torvalds,False
linux,2018-02-02T22:19:19Z,Linus Torvalds,False
linux,2018-02-02T19:12:20Z,Darren Kenny,False
linux,2018-02-02T21:39:23Z,Arnd Bergmann,False
linux,2018-02-02T21:00:36Z,Toshi Kani,False
linux,2018-02-02T21:46:21Z,Linus Torvalds,False
linux,2018-02-02T20:22:12Z,Arnaldo Carvalho de Melo,False
linux,2018-02-02T20:14:53Z,Arnaldo Carvalho de Melo,False
linux,2018-02-02T20:04:53Z,Arnaldo Carvalho de Melo,False
linux,2018-02-02T19:43:45Z,Arnaldo Carvalho de Melo,False
linux,2018-02-02T16:06:04Z,Arnaldo Carvalho de Melo,False
linux,2018-01-31T17:34:13Z,Chuck Lever,False
linux,2018-01-31T17:34:05Z,Chuck Lever,False
linux,2018-02-02T18:01:04Z,Linus Torvalds,False
linux,2018-02-02T17:50:51Z,Linus Torvalds,False
linux,2018-02-02T17:48:36Z,Linus Torvalds,False
linux,2018-02-01T17:49:01Z,Pablo Neira Ayuso,False
linux,2018-02-01T17:49:00Z,Pablo Neira Ayuso,False
linux,2018-01-31T23:02:47Z,Cong Wang,False
linux,2017-12-21T00:24:27Z,Eric Biggers,False
linux,2018-01-30T18:40:22Z,Filipe Manana,False
linux,2018-01-24T03:22:09Z,Zygo Blaxell,False
linux,2018-01-29T13:53:01Z,Nikolay Borisov,False
linux,2018-01-25T18:02:56Z,Liu Bo,False
linux,2018-01-25T18:02:54Z,Liu Bo,False
linux,2018-01-25T18:02:53Z,Liu Bo,False
linux,2018-01-25T18:02:52Z,Liu Bo,False
linux,2018-01-25T18:02:51Z,Liu Bo,False
linux,2018-01-25T18:02:50Z,Liu Bo,False
linux,2018-02-02T15:03:04Z,Arnd Bergmann,False
linux,2018-01-31T09:34:30Z,Ulf Magnusson,False
linux,2018-01-31T09:34:29Z,Ulf Magnusson,False
linux,2017-10-24T01:16:42Z,Kemi Wang,False
linux,2018-01-31T09:34:28Z,Ulf Magnusson,False
linux,2018-01-31T09:34:27Z,Ulf Magnusson,False
linux,2018-01-31T09:34:26Z,Ulf Magnusson,False
linux,2018-01-31T09:34:25Z,Ulf Magnusson,False
linux,2018-01-31T09:34:24Z,Ulf Magnusson,False
linux,2018-01-31T09:34:23Z,Ulf Magnusson,False
linux,2018-01-31T09:34:22Z,Ulf Magnusson,False
linux,2018-01-31T09:34:21Z,Ulf Magnusson,False
linux,2018-01-31T17:13:39Z,Pablo Neira Ayuso,False
linux,2018-01-31T11:50:01Z,Subash Abhinov Kasiviswanathan,False
linux,2018-01-30T19:30:11Z,Michal Hocko,False
linux,2018-02-01T11:27:21Z,KarimAllah Ahmed,False
linux,2018-02-01T11:27:20Z,David Woodhouse,False
linux,2018-02-02T07:00:11Z,Yonghong Song,False
linux,2018-01-23T15:00:41Z,Mimi Zohar,False
linux,2018-02-01T03:14:36Z,Mimi Zohar,False
linux,2018-01-24T15:25:23Z,Hendrik Brueckner,False
linux,2018-01-25T05:30:32Z,Masami Hiramatsu,False
linux,2018-01-22T09:26:20Z,Heiko Carstens,False
linux,2018-01-24T15:19:53Z,Hendrik Brueckner,False
linux,2017-07-11T14:04:45Z,Cornelia Huck,False
linux,2017-07-11T13:44:09Z,Cornelia Huck,False
linux,2018-01-23T09:46:33Z,Cornelia Huck,False
linux,2018-01-23T12:58:05Z,Sebastian Ott,False
linux,2018-02-02T05:27:22Z,Dan Williams,False
linux,2018-01-16T13:44:50Z,Arnd Bergmann,False
linux,2018-01-17T18:53:14Z,Luis de Bethencourt,False
linux,2018-02-01T18:13:59Z,Lyude Paul,False
linux,2018-02-01T18:13:58Z,Lyude Paul,False
linux,2018-02-01T18:13:57Z,Lyude Paul,False
linux,2018-02-01T18:13:56Z,Lyude Paul,False
linux,2018-02-01T18:13:55Z,Lyude Paul,False
linux,2018-01-12T07:05:33Z,Ben Skeggs,False
linux,2018-01-12T09:02:05Z,Ben Skeggs,False
linux,2017-12-31T04:35:28Z,Ilia Mirkin,False
linux,2018-01-12T07:10:49Z,Ben Skeggs,False
linux,2018-01-12T07:05:03Z,Ben Skeggs,False
linux,2018-01-12T07:50:37Z,Ben Skeggs,False
linux,2017-12-12T06:09:03Z,Ben Skeggs,False
linux,2017-12-12T06:08:05Z,Ben Skeggs,False
linux,2017-12-12T05:50:10Z,Ben Skeggs,False
linux,2017-12-04T14:54:26Z,Arnd Bergmann,False
linux,2017-11-30T19:53:54Z,Christoph Böhmwalder,False
linux,2017-11-06T15:32:41Z,Karol Herbst,False
linux,2018-01-31T17:47:25Z,Darrick J. Wong,False
linux,2018-02-01T00:38:18Z,Darrick J. Wong,False
linux,2018-01-31T22:21:56Z,Darrick J. Wong,False
linux,2018-01-31T19:31:10Z,Eric Sandeen,False
linux,2018-02-02T03:27:02Z,Jens Axboe,False
linux,2018-02-02T01:48:47Z,Linus Torvalds,False
linux,2018-02-02T00:56:07Z,Linus Torvalds,False
linux,2018-02-01T20:28:54Z,Dan Williams,False
linux,2018-02-02T00:41:58Z,Dave Jiang,False
linux,2018-02-02T00:41:57Z,Dave Jiang,False
linux,2018-02-02T00:35:31Z,Linus Torvalds,False
linux,2018-02-02T00:17:40Z,Linus Torvalds,False
linux,2018-02-02T00:07:54Z,Linus Torvalds,False
linux,2018-02-01T20:38:48Z,Don Hiatt,False
linux,2018-02-01T20:37:30Z,Kamenee Arumugam,False
linux,2018-02-01T20:31:06Z,Michael J. Ruhl,False
linux,2018-02-01T18:57:03Z,Don Hiatt,False
linux,2018-02-01T18:55:41Z,Alex Estrin,False
linux,2018-02-01T18:52:43Z,Mitko Haralanov,False
linux,2018-02-01T18:52:35Z,Mike Marciniszyn,False
linux,2018-02-01T18:52:28Z,Kamenee Arumugam,False
linux,2018-02-01T18:52:20Z,Bartlomiej Dudek,False
linux,2018-02-01T18:46:46Z,Sebastian Sanchez,False
linux,2018-02-01T18:46:38Z,Sebastian Sanchez,False
linux,2018-02-01T18:46:31Z,Sebastian Sanchez,False
linux,2018-02-01T18:46:23Z,Sebastian Sanchez,False
linux,2018-02-01T18:46:15Z,Sebastian Sanchez,False
linux,2018-02-01T18:46:07Z,Mitko Haralanov,False
linux,2018-02-01T18:43:58Z,Alex Estrin,False
linux,2018-02-01T18:43:50Z,Alex Estrin,False
linux,2018-02-01T18:43:42Z,Michael J. Ruhl,False
linux,2018-02-01T10:01:48Z,Dan Carpenter,False
linux,2018-01-30T12:20:45Z,oulijun,False
linux,2018-01-30T12:20:44Z,oulijun,False
linux,2018-01-30T12:20:43Z,oulijun,False
linux,2018-01-27T19:56:56Z,Markus Elfring,False
linux,2018-01-27T19:40:11Z,Markus Elfring,False
linux,2018-01-31T19:45:55Z,Dave Jiang,False
linux,2018-01-31T19:45:49Z,Dave Jiang,False
linux,2018-01-31T19:45:43Z,Dave Jiang,False
linux,2018-01-31T19:45:38Z,Dave Jiang,False
linux,2018-02-01T21:41:15Z,Keith Busch,False
linux,2018-02-01T21:36:15Z,Linus Torvalds,False
linux,2018-02-01T20:24:58Z,Al Viro,False
linux,2018-02-01T20:21:13Z,Al Viro,False
linux,2018-02-01T16:01:35Z,Al Viro,False
linux,2018-02-01T16:00:50Z,Al Viro,False
linux,2018-02-01T17:14:57Z,Al Viro,False
linux,2018-02-01T21:18:25Z,Linus Torvalds,False
linux,2018-02-01T21:15:23Z,Linus Torvalds,False
linux,2018-02-01T21:01:02Z,Jens Axboe,False
linux,2018-02-01T20:20:53Z,Linus Torvalds,False
linux,2018-02-01T18:00:52Z,Andrey Ryabinin,False
linux,2018-02-01T18:00:51Z,Andrey Ryabinin,False
linux,2018-02-01T18:00:50Z,Andrey Ryabinin,False
linux,2018-02-01T18:00:49Z,Andrey Ryabinin,False
linux,2018-02-01T18:00:48Z,Andrey Ryabinin,False
linux,2018-02-01T19:45:17Z,Alexander Monakov,False
linux,2018-02-01T18:26:57Z,Eric Dumazet,False
linux,2018-02-01T18:04:30Z,Desnes Augusto Nunes do Rosario,False
linux,2018-02-01T17:29:21Z,Colin Ian King,False
linux,2018-02-01T17:10:18Z,Colin Ian King,False
linux,2018-02-01T16:58:42Z,Colin Ian King,False
linux,2018-01-28T02:49:08Z,Randy Dunlap,False
linux,2018-02-01T19:45:49Z,Linus Torvalds,False
linux,2018-01-29T12:21:07Z,Corentin Labbe,False
linux,2018-02-01T19:43:45Z,Linus Torvalds,False
linux,2018-02-01T19:41:46Z,David S. Miller,False
linux,2018-02-01T19:41:09Z,Linus Torvalds,False
linux,2018-01-30T12:58:06Z,Grigory Shipunov,False
linux,2018-02-01T18:57:45Z,Linus Torvalds,False
linux,2018-02-01T18:49:58Z,Linus Torvalds,False
linux,2018-02-01T18:31:17Z,Linus Torvalds,False
linux,2018-01-08T21:35:43Z,Andreas Gruenbacher,False
linux,2018-02-01T10:12:13Z,Andreas Gruenbacher,False
linux,2018-02-01T18:00:28Z,Linus Torvalds,False
linux,2018-02-01T14:42:33Z,Konstantin Ryabitsev,False
linux,2018-02-01T17:51:57Z,Linus Torvalds,False
linux,2018-02-01T17:46:00Z,Linus Torvalds,False
linux,2018-02-01T17:40:49Z,Linus Torvalds,False
linux,2018-02-01T17:40:07Z,Bjorn Helgaas,False
linux,2018-02-01T17:40:06Z,Bjorn Helgaas,False
linux,2018-02-01T17:40:05Z,Bjorn Helgaas,False
linux,2018-02-01T17:40:04Z,Bjorn Helgaas,False
linux,2018-02-01T17:40:02Z,Bjorn Helgaas,False
linux,2018-02-01T17:40:01Z,Bjorn Helgaas,False
linux,2018-02-01T17:37:30Z,Linus Torvalds,False
linux,2018-02-01T17:36:07Z,Bjorn Helgaas,False
linux,2018-02-01T17:34:52Z,Linus Torvalds,False
linux,2018-02-01T17:31:04Z,Linus Torvalds,False
linux,2018-01-19T21:45:24Z,Eric Biggers,False
linux,2018-01-31T11:58:56Z,Daniel Borkmann,False
linux,2018-01-31T21:44:39Z,Chris Wilson,False
linux,2018-01-29T14:41:04Z,Chris Wilson,False
linux,2018-01-29T08:33:46Z,Lionel Landwerlin,False
linux,2017-10-12T19:13:38Z,Manasi Navare,False
linux,2017-12-18T08:04:03Z,Mika Kahola,False
linux,2018-01-21T17:31:43Z,Chris Wilson,False
linux,2018-01-15T21:24:46Z,Chris Wilson,False
linux,2018-01-16T15:53:24Z,Maarten Lankhorst,False
linux,2018-01-15T08:36:12Z,Zhenyu Wang,False
linux,2018-01-15T08:36:11Z,Zhenyu Wang,False
linux,2018-01-15T06:41:42Z,Tina Zhang,False
linux,2018-01-11T07:30:31Z,Chris Wilson,False
linux,2017-12-22T22:38:49Z,Oscar Mateo,False
linux,2018-01-10T12:54:16Z,Sagar Arun Kamble,False
linux,2018-01-09T12:20:40Z,Imre Deak,False
linux,2017-12-31T22:34:54Z,Stefan Brüns,False
linux,2018-01-03T19:03:45Z,Anusha Srivatsa,False
linux,2018-01-08T18:37:34Z,Michel Thierry,False
linux,2017-12-22T10:06:31Z,Hang Yuan,False
linux,2017-12-26T06:31:25Z,Pei Zhang,False
linux,2017-12-26T21:01:16Z,Xiong Zhang,False
linux,2018-02-01T09:20:55Z,Julia Lawall,False
linux,2018-02-01T15:13:07Z,Radim Krčmář,False
linux,2018-02-01T11:56:00Z,Christian Brauner,False
linux,2018-02-01T15:07:32Z,Al Viro,False
linux,2018-02-01T15:02:53Z,Al Viro,False
linux,2018-02-01T11:21:15Z,Jiri Pirko,False
linux,2018-02-01T10:26:23Z,Geert Uytterhoeven,False
linux,2018-02-01T10:25:27Z,Geert Uytterhoeven,False
linux,2018-02-01T02:48:02Z,Ed Swierk,False
linux,2018-01-31T20:43:05Z,Neal Cardwell,False
linux,2018-01-31T16:14:25Z,Colin Ian King,False
linux,2018-02-01T14:36:04Z,David S. Miller,False
linux,2018-01-31T03:15:34Z,Daniel Axtens,False
linux,2018-01-31T03:15:33Z,Daniel Axtens,False
linux,2018-01-06T22:52:21Z,Eric Biggers,False
linux,2018-01-06T22:52:20Z,Eric Biggers,False
linux,2018-01-06T22:52:19Z,Eric Biggers,False
linux,2017-02-16T20:42:26Z,Peter Malone,False
linux,2017-12-21T12:40:43Z,weiping zhang,False
linux,2017-12-21T12:40:24Z,weiping zhang,False
linux,2017-12-21T12:39:50Z,weiping zhang,False
linux,2017-12-24T16:08:58Z,夷则(Caspar),False
linux,2018-01-09T15:38:22Z,Tonghao Zhang,False
linux,2018-01-03T16:03:39Z,Stefan Hajnoczi,False
linux,2018-01-07T11:33:56Z,Vincent Legoll,False
linux,2018-02-01T14:04:17Z,Radim Krčmář,False
linux,2018-01-31T17:54:07Z,Andy Shevchenko,False
linux,2018-01-31T17:54:06Z,Andy Shevchenko,False
linux,2018-01-29T20:27:43Z,Marco Martin,False
linux,2018-01-31T17:47:35Z,Mario Limonciello,False
linux,2018-01-31T06:20:22Z,Rajneesh Bhardwaj,False
linux,2018-02-01T13:15:25Z,Goffredo Baroncelli,False
linux,2018-01-30T05:23:28Z,Yonghong Song,False
linux,2018-01-27T03:50:00Z,Jakub Kicinski,False
linux,2018-01-17T11:51:08Z,Leo (Sunpeng) Li,False
linux,2018-01-30T18:36:32Z,Thomas Gleixner,False
linux,2018-02-01T01:47:03Z,Dan Williams,False
linux,2018-01-27T15:02:06Z,Felix Fietkau,False
linux,2018-01-27T15:02:05Z,Felix Fietkau,False
linux,2018-01-27T15:02:04Z,Felix Fietkau,False
linux,2018-01-27T15:02:03Z,Felix Fietkau,False
linux,2018-02-01T08:37:39Z,Kalle Valo,False
linux,2018-02-01T08:37:30Z,Dmitry Torokhov,False
linux,2018-01-30T02:49:35Z,Darrick J. Wong,False
linux,2018-02-01T03:25:25Z,Linus Torvalds,False
linux,2018-02-01T03:21:14Z,Linus Torvalds,False
linux,2018-02-01T03:18:12Z,Linus Torvalds,False
linux,2018-02-01T03:15:23Z,Linus Torvalds,False
linux,2018-02-01T02:46:22Z,Linus Torvalds,False
linux,2018-01-31T21:24:58Z,Alexander Graf,False
linux,2018-01-29T23:51:32Z,Paul Mackerras,False
linux,2018-01-18T15:40:16Z,Daniel Vetter,False
linux,2018-02-01T01:34:47Z,Dave Airlie,False
linux,2018-02-01T00:21:27Z,Miles Chen,False
linux,2018-02-01T00:21:23Z,David Rientjes,False
linux,2018-02-01T00:21:19Z,Randy Dunlap,False
linux,2018-02-01T00:21:14Z,Michal Hocko,False
linux,2018-02-01T00:21:11Z,William Kucharski,False
linux,2018-02-01T00:21:07Z,Henry Willard,False
linux,2018-02-01T00:21:03Z,Michal Hocko,False
linux,2018-02-01T00:21:00Z,Michal Hocko,False
linux,2018-02-01T00:20:56Z,Michal Hocko,False
linux,2018-02-01T00:20:52Z,Michal Hocko,False
linux,2018-02-01T00:20:48Z,Michal Hocko,False
linux,2018-02-01T00:20:44Z,Michal Hocko,False
linux,2018-02-01T00:20:41Z,Michal Hocko,False
linux,2018-02-01T00:20:37Z,Andrey Ryabinin,False
linux,2018-02-01T00:20:33Z,Christopher Díaz Riveros,False
linux,2018-02-01T00:20:30Z,Ralph Campbell,False
linux,2018-02-01T00:20:26Z,Petr Tesarik,False
linux,2018-02-01T00:20:23Z,Yang Shi,False
linux,2018-02-01T00:20:19Z,Oscar Salvador,False
linux,2018-02-01T00:20:15Z,Nick Desaulniers,False
linux,2018-02-01T00:20:11Z,Oscar Salvador,False
linux,2018-02-01T00:20:07Z,Shile Zhang,False
linux,2018-02-01T00:20:02Z,Yu Zhao,False
linux,2018-02-01T00:19:59Z,Yu Zhao,False
linux,2018-02-01T00:19:55Z,shidao.ytt,False
linux,2018-02-01T00:19:52Z,Mel Gorman,False
linux,2018-02-01T00:19:48Z,Eric Biggers,False
linux,2018-02-01T00:19:44Z,Marc-André Lureau,False
linux,2018-02-01T00:19:40Z,Marc-André Lureau,False
linux,2018-02-01T00:19:36Z,Marc-André Lureau,False
linux,2018-02-01T00:19:32Z,Marc-André Lureau,False
linux,2018-02-01T00:19:29Z,Marc-André Lureau,False
linux,2018-02-01T00:19:25Z,Marc-André Lureau,False
linux,2018-02-01T00:19:22Z,Marc-André Lureau,False
linux,2018-02-01T00:19:18Z,Marc-André Lureau,False
linux,2018-02-01T00:19:14Z,Marc-André Lureau,False
linux,2018-02-01T00:19:11Z,Matthew Wilcox,False
linux,2018-02-01T00:19:06Z,Matthew Wilcox,False
linux,2018-02-01T00:19:02Z,Matthew Wilcox,False
linux,2018-02-01T00:18:58Z,Matthew Wilcox,False
linux,2018-02-01T00:18:55Z,Matthew Wilcox,False
linux,2018-02-01T00:18:51Z,Matthew Wilcox,False
linux,2018-02-01T00:18:47Z,Matthew Wilcox,False
linux,2018-02-01T00:18:44Z,Matthew Wilcox,False
linux,2018-02-01T00:18:40Z,Aliaksei Karaliou,False
linux,2018-02-01T00:18:36Z,David Rientjes,False
linux,2018-02-01T00:18:32Z,David Rientjes,False
linux,2018-02-01T00:18:28Z,Yang Shi,False
linux,2018-02-01T00:18:24Z,Aneesh Kumar K.V,False
linux,2018-02-01T00:18:20Z,Kirill A. Shutemov,False
linux,2018-02-01T00:18:16Z,Kirill A. Shutemov,False
linux,2018-02-01T00:18:13Z,Kirill A. Shutemov,False
linux,2018-02-01T00:18:09Z,Nitin Gupta,False
linux,2018-02-01T00:18:05Z,Martin Schwidefsky,False
linux,2018-02-01T00:18:02Z,Aneesh Kumar K.V,False
linux,2018-02-01T00:17:58Z,Kirill A. Shutemov,False
linux,2018-02-01T00:17:55Z,Catalin Marinas,False
linux,2018-02-01T00:17:51Z,Kirill A. Shutemov,False
linux,2018-02-01T00:17:48Z,Kirill A. Shutemov,False
linux,2018-02-01T00:17:43Z,Kirill A. Shutemov,False
linux,2018-02-01T00:17:40Z,Matthew Wilcox,False
linux,2018-02-01T00:17:36Z,Matthew Wilcox,False
linux,2018-02-01T00:17:32Z,Huang Ying,False
linux,2018-02-01T00:17:29Z,Yisheng Xie,False
linux,2018-02-01T00:17:25Z,Oscar Salvador,False
linux,2018-02-01T00:17:22Z,Konstantin Khlebnikov,False
linux,2018-02-01T00:17:17Z,Mike Rapoport,False
linux,2018-02-01T00:17:14Z,Oscar Salvador,False
linux,2018-02-01T00:17:10Z,Michal Hocko,False
linux,2018-02-01T00:17:06Z,Jan Kara,False
linux,2018-02-01T00:17:03Z,Vasyl Gomonovych,False
linux,2018-02-01T00:16:59Z,Aneesh Kumar K.V,False
linux,2018-02-01T00:16:55Z,Minchan Kim,False
linux,2018-02-01T00:16:52Z,Jiankang Chen,False
linux,2018-02-01T00:16:48Z,Vasyl Gomonovych,False
